date,store_id,product_id,actual_demand,naive_prediction,linear_regression_prediction,random_forest_prediction
2025-12-01,S001,P001,71,62.00000000,67.61236552,64.10000000
2025-12-01,S001,P002,33,29.00000000,36.27824061,32.05000000
2025-12-01,S001,P005,68,86.00000000,78.33693731,71.63000000
2025-12-01,S001,P006,50,47.00000000,52.41535366,49.84000000
2025-12-01,S001,P007,40,29.00000000,38.21644138,38.02000000
2025-12-01,S001,P008,55,54.00000000,54.92045227,54.19000000
2025-12-01,S001,P009,33,34.00000000,41.65804882,41.00000000
2025-12-01,S001,P011,70,58.00000000,70.30225365,66.75000000
2025-12-01,S001,P012,27,25.00000000,27.25697045,24.86000000
2025-12-01,S001,P013,27,27.00000000,39.84712736,36.50000000
2025-12-01,S001,P014,49,49.00000000,45.82659891,41.42000000
2025-12-01,S001,P015,56,68.00000000,61.60295187,56.16000000
2025-12-01,S001,P016,74,75.00000000,87.50968169,77.93000000
2025-12-01,S001,P018,73,91.00000000,84.97858316,70.20000000
2025-12-01,S001,P019,55,58.00000000,55.09071489,54.57000000
2025-12-01,S001,P020,22,28.00000000,30.13813570,29.15000000
2025-12-01,S001,P022,86,102.00000000,95.62916299,87.06000000
2025-12-01,S001,P023,67,52.00000000,65.68574158,62.77000000
2025-12-01,S001,P025,45,53.00000000,48.23857994,46.77000000
2025-12-01,S001,P027,79,62.00000000,70.22632084,59.68000000
2025-12-01,S001,P028,69,86.00000000,84.27651698,74.61000000
2025-12-01,S001,P029,30,26.00000000,29.26394626,28.71000000
2025-12-01,S002,P001,51,37.00000000,43.73867261,40.10000000
2025-12-01,S002,P002,21,24.00000000,26.64037313,23.88000000
2025-12-01,S002,P003,37,34.00000000,38.65383443,34.64000000
2025-12-01,S002,P004,53,56.00000000,51.30794302,53.21000000
2025-12-01,S002,P006,29,32.00000000,33.18368484,28.14000000
2025-12-01,S002,P008,29,37.00000000,35.74283101,31.07000000
2025-12-01,S002,P010,30,24.00000000,28.44786916,29.02000000
2025-12-01,S002,P011,44,40.00000000,44.96975645,40.04000000
2025-12-01,S002,P012,19,17.00000000,18.89326381,16.05000000
2025-12-01,S002,P013,21,21.00000000,28.75712128,29.94000000
2025-12-01,S002,P015,39,45.00000000,43.57993718,38.22000000
2025-12-01,S002,P016,59,40.00000000,57.18225124,52.32000000
2025-12-01,S002,P017,57,65.00000000,59.32253214,59.06000000
2025-12-01,S002,P019,32,39.00000000,38.67599264,32.79000000
2025-12-01,S002,P020,17,18.00000000,21.42949338,18.42000000
2025-12-01,S002,P021,58,57.00000000,58.56944320,56.06000000
2025-12-01,S002,P022,48,59.00000000,60.18443616,56.47000000
2025-12-01,S002,P023,44,52.00000000,49.70734254,48.67000000
2025-12-01,S002,P026,66,63.00000000,63.03083713,57.42000000
2025-12-01,S002,P027,44,43.00000000,43.14354873,42.54000000
2025-12-01,S002,P029,13,18.00000000,20.63219779,18.59000000
2025-12-01,S002,P030,32,26.00000000,34.14906589,32.45000000
2025-12-01,S003,P001,45,36.00000000,43.24432372,43.58000000
2025-12-01,S003,P002,24,25.00000000,24.75934929,24.82000000
2025-12-01,S003,P004,40,54.00000000,54.69884911,53.03000000
2025-12-01,S003,P007,13,27.00000000,28.84280847,26.72000000
2025-12-01,S003,P008,33,35.00000000,37.81981081,32.83000000
2025-12-01,S003,P009,27,29.00000000,27.86345298,25.76000000
2025-12-01,S003,P010,26,23.00000000,28.28131604,26.71000000
2025-12-01,S003,P012,16,16.00000000,18.09809235,16.32000000
2025-12-01,S003,P015,37,38.00000000,40.32825781,38.11000000
2025-12-01,S003,P016,39,52.00000000,56.90112300,59.31000000
2025-12-01,S003,P017,58,44.00000000,55.16305315,47.77000000
2025-12-01,S003,P019,42,30.00000000,36.54196323,32.09000000
2025-12-01,S003,P020,20,18.00000000,20.38737263,18.28000000
2025-12-01,S003,P021,49,51.00000000,58.01701090,53.82000000
2025-12-01,S003,P022,45,60.00000000,56.48377456,50.44000000
2025-12-01,S003,P025,31,26.00000000,33.57557920,31.28000000
2025-12-01,S003,P026,64,53.00000000,56.11435752,49.27000000
2025-12-01,S003,P028,61,48.00000000,53.37989643,53.28000000
2025-12-01,S004,P001,21,20.00000000,22.11523766,19.98000000
2025-12-01,S004,P002,14,9.00000000,13.31923844,10.38000000
2025-12-01,S004,P003,18,16.00000000,19.42313803,15.22000000
2025-12-01,S004,P004,28,20.00000000,26.74614776,27.03000000
2025-12-01,S004,P005,22,23.00000000,25.13368303,24.37000000
2025-12-01,S004,P007,14,13.00000000,14.12649742,13.09000000
2025-12-01,S004,P008,13,18.00000000,19.73197946,15.13000000
2025-12-01,S004,P009,14,13.00000000,15.43334116,13.45000000
2025-12-01,S004,P011,26,20.00000000,22.38196351,19.91000000
2025-12-01,S004,P012,7,9.00000000,10.49182665,9.73000000
2025-12-01,S004,P013,13,13.00000000,15.56648031,12.76000000
2025-12-01,S004,P015,20,18.00000000,21.01592601,17.83000000
2025-12-01,S004,P016,28,23.00000000,29.19591296,29.78000000
2025-12-01,S004,P018,32,26.00000000,28.75958988,29.82000000
2025-12-01,S004,P019,21,17.00000000,20.41258618,17.31000000
2025-12-01,S004,P020,11,6.00000000,10.93947999,10.47000000
2025-12-01,S004,P023,24,25.00000000,23.74394641,23.82000000
2025-12-01,S004,P024,15,15.00000000,18.10472405,15.05000000
2025-12-01,S004,P025,19,13.00000000,16.56543144,14.11000000
2025-12-01,S004,P027,19,25.00000000,24.37775652,21.29000000
2025-12-01,S004,P028,27,26.00000000,28.04044506,25.09000000
2025-12-01,S004,P029,6,7.00000000,10.79926960,10.20000000
2025-12-01,S004,P030,15,17.00000000,19.08590957,14.82000000
2025-12-01,S005,P002,41,31.00000000,33.22760483,29.76000000
2025-12-01,S005,P003,50,45.00000000,52.08674432,48.01000000
2025-12-01,S005,P004,83,78.00000000,87.03964900,78.63000000
2025-12-01,S005,P005,74,76.00000000,74.20477284,79.67000000
2025-12-01,S005,P006,36,46.00000000,45.62661517,43.80000000
2025-12-01,S005,P008,50,49.00000000,50.60404358,46.75000000
2025-12-01,S005,P009,40,36.00000000,39.86682161,38.25000000
2025-12-01,S005,P010,37,42.00000000,41.80299740,34.87000000
2025-12-01,S005,P011,76,43.00000000,63.36484366,60.40000000
2025-12-01,S005,P013,39,39.00000000,39.93159304,34.98000000
2025-12-01,S005,P015,50,51.00000000,56.53623317,52.42000000
2025-12-01,S005,P016,84,97.00000000,84.15129636,74.42000000
2025-12-01,S005,P017,92,68.00000000,73.62045456,74.37000000
2025-12-01,S005,P018,79,74.00000000,77.03973841,76.69000000
2025-12-01,S005,P020,26,29.00000000,28.52322645,27.18000000
2025-12-01,S005,P021,96,66.00000000,79.33923325,70.94000000
2025-12-01,S005,P024,39,44.00000000,46.29883256,37.14000000
2025-12-01,S005,P025,41,40.00000000,45.24474824,45.52000000
2025-12-01,S005,P026,82,91.00000000,86.52496955,75.59000000
2025-12-01,S005,P028,71,81.00000000,79.06188748,74.75000000
2025-12-01,S005,P029,26,28.00000000,28.33239254,27.80000000
2025-12-01,S005,P030,59,49.00000000,49.85798333,48.57000000
2025-12-01,S006,P001,51,43.00000000,43.72606120,38.69000000
2025-12-01,S006,P002,21,26.00000000,25.75649125,23.82000000
2025-12-01,S006,P003,39,30.00000000,34.91772060,32.30000000
2025-12-01,S006,P004,61,60.00000000,59.80473831,51.96000000
2025-12-01,S006,P005,45,39.00000000,48.65677531,45.83000000
2025-12-01,S006,P006,32,34.00000000,34.02841238,32.43000000
2025-12-01,S006,P007,28,22.00000000,27.35418883,26.84000000
2025-12-01,S006,P008,36,34.00000000,37.58486321,33.05000000
2025-12-01,S006,P009,32,23.00000000,27.01601098,26.53000000
2025-12-01,S006,P010,25,29.00000000,28.75798036,27.47000000
2025-12-01,S006,P011,35,44.00000000,45.39090710,46.27000000
2025-12-01,S006,P014,31,31.00000000,31.94033679,29.69000000
2025-12-01,S006,P015,44,35.00000000,42.13876563,38.01000000
2025-12-01,S006,P016,50,73.00000000,62.02104766,55.66000000
2025-12-01,S006,P017,48,54.00000000,53.63618810,51.79000000
2025-12-01,S006,P019,39,29.00000000,36.03104868,34.29000000
2025-12-01,S006,P021,47,61.00000000,56.85924548,54.50000000
2025-12-01,S006,P022,78,52.00000000,61.06623204,58.87000000
2025-12-01,S006,P024,24,23.00000000,31.37493850,28.93000000
2025-12-01,S006,P025,35,33.00000000,33.47493947,31.72000000
2025-12-01,S006,P026,58,57.00000000,58.88885562,52.31000000
2025-12-01,S006,P027,39,41.00000000,46.44853196,45.87000000
2025-12-01,S006,P029,11,24.00000000,21.71958281,18.17000000
2025-12-01,S006,P030,23,30.00000000,36.65364657,32.47000000
2025-12-01,S007,P001,32,38.00000000,38.12896785,31.18000000
2025-12-01,S007,P002,17,23.00000000,23.08373662,19.77000000
2025-12-01,S007,P003,27,35.00000000,33.01927672,27.11000000
2025-12-01,S007,P005,45,44.00000000,42.75095997,36.12000000
2025-12-01,S007,P008,34,23.00000000,29.81927723,28.45000000
2025-12-01,S007,P009,21,24.00000000,23.83198274,19.87000000
2025-12-01,S007,P010,21,25.00000000,26.37753172,23.49000000
2025-12-01,S007,P014,25,24.00000000,26.71858352,25.36000000
2025-12-01,S007,P015,30,37.00000000,34.40439792,29.36000000
2025-12-01,S007,P016,58,41.00000000,48.04050370,48.66000000
2025-12-01,S007,P018,43,51.00000000,49.43947362,51.14000000
2025-12-01,S007,P021,50,55.00000000,51.64275041,47.00000000
2025-12-01,S007,P022,57,52.00000000,50.30360635,45.26000000
2025-12-01,S007,P024,28,32.00000000,30.20073137,27.70000000
2025-12-01,S007,P028,41,40.00000000,45.75866069,43.37000000
2025-12-01,S008,P002,16,16.00000000,15.37097401,13.54000000
2025-12-01,S008,P003,19,17.00000000,21.82954195,20.37000000
2025-12-01,S008,P005,28,34.00000000,31.06579895,27.02000000
2025-12-01,S008,P006,21,16.00000000,20.28043940,16.75000000
2025-12-01,S008,P007,14,12.00000000,15.11217975,13.12000000
2025-12-01,S008,P011,20,23.00000000,24.57039484,22.40000000
2025-12-01,S008,P012,8,9.00000000,11.55503129,9.67000000
2025-12-01,S008,P013,14,15.00000000,16.54122838,13.49000000
2025-12-01,S008,P014,13,16.00000000,18.13487881,16.07000000
2025-12-01,S008,P016,31,33.00000000,31.53985998,28.77000000
2025-12-01,S008,P018,35,28.00000000,32.44599839,28.01000000
2025-12-01,S008,P019,19,21.00000000,22.38991595,19.32000000
2025-12-01,S008,P020,9,7.00000000,11.99568101,9.98000000
2025-12-01,S008,P021,35,22.00000000,30.82672499,30.43000000
2025-12-01,S008,P023,24,15.00000000,23.03994992,22.78000000
2025-12-01,S008,P024,15,14.00000000,17.53134797,14.50000000
2025-12-01,S008,P025,19,17.00000000,19.23600497,14.83000000
2025-12-01,S008,P026,32,34.00000000,36.26938161,31.94000000
2025-12-01,S008,P027,25,26.00000000,25.32264879,23.19000000
2025-12-01,S008,P028,28,24.00000000,29.74057097,27.10000000
2025-12-01,S008,P030,19,17.00000000,20.98851261,20.72000000
2025-12-01,S009,P001,47,65.00000000,66.04119479,66.53000000
2025-12-01,S009,P003,52,41.00000000,53.37071776,54.54000000
2025-12-01,S009,P004,75,73.00000000,82.67822894,79.95000000
2025-12-01,S009,P005,62,58.00000000,80.13061325,76.76000000
2025-12-01,S009,P006,57,53.00000000,51.19079998,45.74000000
2025-12-01,S009,P007,30,42.00000000,39.54975384,34.73000000
2025-12-01,S009,P010,36,39.00000000,42.48451222,44.75000000
2025-12-01,S009,P011,73,74.00000000,73.71862429,71.99000000
2025-12-01,S009,P012,29,27.00000000,30.83282472,27.83000000
2025-12-01,S009,P013,50,45.00000000,44.11429908,37.46000000
2025-12-01,S009,P014,50,43.00000000,47.91899588,46.11000000
2025-12-01,S009,P016,89,92.00000000,93.31400166,94.47000000
2025-12-01,S009,P017,74,91.00000000,87.98050374,84.24000000
2025-12-01,S009,P019,61,46.00000000,58.44614257,50.38000000
2025-12-01,S009,P021,92,64.00000000,80.91165030,82.62000000
2025-12-01,S009,P022,86,80.00000000,87.41599424,74.63000000
2025-12-01,S009,P023,84,67.00000000,73.05918726,60.04000000
2025-12-01,S009,P024,29,46.00000000,49.79578156,48.27000000
2025-12-01,S009,P025,49,51.00000000,51.00221745,50.05000000
2025-12-01,S009,P026,96,70.00000000,88.05116142,86.58000000
2025-12-01,S009,P027,48,76.00000000,67.69302780,64.54000000
2025-12-01,S009,P029,29,25.00000000,29.62514589,26.73000000
2025-12-01,S010,P005,44,42.00000000,48.19573722,47.49000000
2025-12-01,S010,P006,25,35.00000000,31.95431123,28.29000000
2025-12-01,S010,P008,34,23.00000000,33.36952727,32.49000000
2025-12-01,S010,P009,26,31.00000000,27.48356089,22.98000000
2025-12-01,S010,P011,33,34.00000000,39.44284807,37.10000000
2025-12-01,S010,P012,16,9.00000000,16.67927980,14.65000000
2025-12-01,S010,P013,25,19.00000000,26.75083889,24.31000000
2025-12-01,S010,P014,30,28.00000000,30.16003906,27.29000000
2025-12-01,S010,P017,48,45.00000000,50.32884202,47.32000000
2025-12-01,S010,P018,51,54.00000000,57.67998743,52.51000000
2025-12-01,S010,P019,39,35.00000000,34.61999039,29.23000000
2025-12-01,S010,P022,53,48.00000000,53.54819643,53.93000000
2025-12-01,S010,P023,45,40.00000000,41.17179663,40.20000000
2025-12-01,S010,P024,26,21.00000000,29.98632410,27.73000000
2025-12-01,S010,P025,20,27.00000000,29.90776863,28.66000000
2025-12-01,S010,P026,56,55.00000000,55.90257320,52.30000000
2025-12-01,S010,P027,37,41.00000000,40.44551826,40.14000000
2025-12-01,S010,P028,59,45.00000000,49.90056059,50.80000000
2025-12-01,S010,P030,37,33.00000000,32.00047994,26.87000000
2025-12-01,S011,P001,44,36.00000000,40.51263552,37.51000000
2025-12-01,S011,P003,37,26.00000000,31.03458820,28.56000000
2025-12-01,S011,P004,48,40.00000000,48.63300048,49.70000000
2025-12-01,S011,P007,22,26.00000000,24.40309943,22.58000000
2025-12-01,S011,P008,23,21.00000000,31.06854481,29.47000000
2025-12-01,S011,P009,27,24.00000000,25.75279572,22.35000000
2025-12-01,S011,P010,24,24.00000000,25.00035230,23.13000000
2025-12-01,S011,P012,17,15.00000000,16.68531787,15.14000000
2025-12-01,S011,P013,24,26.00000000,26.47288404,20.28000000
2025-12-01,S011,P014,25,24.00000000,28.46557725,24.24000000
2025-12-01,S011,P015,34,35.00000000,35.88566204,30.84000000
2025-12-01,S011,P016,40,43.00000000,48.01429244,43.87000000
2025-12-01,S011,P017,39,49.00000000,50.30483595,47.88000000
2025-12-01,S011,P018,47,57.00000000,54.18085356,52.92000000
2025-12-01,S011,P019,35,34.00000000,33.77945692,30.73000000
2025-12-01,S011,P020,15,17.00000000,18.83213692,16.76000000
2025-12-01,S011,P022,60,51.00000000,51.61069329,52.90000000
2025-12-01,S011,P023,49,44.00000000,39.40711502,38.55000000
2025-12-01,S011,P024,22,31.00000000,30.04312040,29.85000000
2025-12-01,S011,P026,54,59.00000000,53.02986856,50.22000000
2025-12-01,S011,P027,43,29.00000000,38.66129648,35.66000000
2025-12-01,S011,P028,48,52.00000000,49.03518000,46.92000000
2025-12-01,S011,P029,16,12.00000000,17.75870759,16.37000000
2025-12-01,S011,P030,28,25.00000000,31.70588352,25.41000000
2025-12-01,S012,P004,29,29.00000000,30.09760484,27.96000000
2025-12-01,S012,P005,23,22.00000000,26.29098419,22.09000000
2025-12-01,S012,P006,14,15.00000000,17.58096901,14.68000000
2025-12-01,S012,P007,11,13.00000000,15.30263908,13.14000000
2025-12-01,S012,P009,12,14.00000000,15.48584149,12.93000000
2025-12-01,S012,P010,16,12.00000000,15.27122264,12.67000000
2025-12-01,S012,P011,24,24.00000000,24.85914743,19.71000000
2025-12-01,S012,P014,12,17.00000000,17.20351399,15.02000000
2025-12-01,S012,P015,20,23.00000000,21.98448937,18.05000000
2025-12-01,S012,P017,29,31.00000000,28.30319138,25.84000000
2025-12-01,S012,P018,26,30.00000000,31.58195471,28.09000000
2025-12-01,S012,P020,9,10.00000000,11.72040101,9.58000000
2025-12-01,S012,P021,33,33.00000000,30.67011258,29.79000000
2025-12-01,S012,P022,28,32.00000000,32.54856409,31.53000000
2025-12-01,S012,P023,22,23.00000000,23.72723272,22.14000000
2025-12-01,S012,P025,17,14.00000000,17.29659406,14.64000000
2025-12-01,S012,P026,31,23.00000000,29.79042924,28.93000000
2025-12-01,S012,P028,22,23.00000000,28.78116486,27.85000000
2025-12-01,S012,P029,10,9.00000000,11.53075582,9.79000000
2025-12-01,S012,P030,19,16.00000000,18.97953394,17.23000000
2025-12-01,S013,P001,60,62.00000000,66.71295599,66.51000000
2025-12-01,S013,P002,34,40.00000000,37.16188402,32.41000000
2025-12-01,S013,P003,44,50.00000000,49.82921161,46.61000000
2025-12-01,S013,P004,77,80.00000000,77.41252260,75.92000000
2025-12-01,S013,P005,78,87.00000000,73.04043884,73.62000000
2025-12-01,S013,P006,40,52.00000000,48.50655883,42.92000000
2025-12-01,S013,P011,71,74.00000000,67.10683046,65.60000000
2025-12-01,S013,P012,26,19.00000000,24.76401689,20.91000000
2025-12-01,S013,P013,37,35.00000000,40.87908389,37.35000000
2025-12-01,S013,P014,36,51.00000000,45.84237654,39.31000000
2025-12-01,S013,P016,78,66.00000000,77.94528060,72.77000000
2025-12-01,S013,P017,79,65.00000000,77.04351883,75.27000000
2025-12-01,S013,P018,85,74.00000000,78.71885551,71.18000000
2025-12-01,S013,P019,73,53.00000000,52.38865996,54.15000000
2025-12-01,S013,P021,74,60.00000000,76.55600362,81.84000000
2025-12-01,S013,P023,69,74.00000000,68.38875364,65.75000000
2025-12-01,S013,P024,41,41.00000000,44.01430838,42.49000000
2025-12-01,S013,P027,62,66.00000000,60.11376284,61.27000000
2025-12-01,S013,P028,84,64.00000000,74.24549000,68.80000000
2025-12-01,S013,P029,20,28.00000000,26.34462648,23.08000000
2025-12-01,S014,P002,19,22.00000000,23.04462370,19.24000000
2025-12-01,S014,P005,45,39.00000000,44.66384472,51.15000000
2025-12-01,S014,P006,37,30.00000000,29.54339020,27.35000000
2025-12-01,S014,P007,24,22.00000000,25.17828190,22.14000000
2025-12-01,S014,P010,27,14.00000000,24.18023521,21.36000000
2025-12-01,S014,P012,12,15.00000000,17.67738934,13.49000000
2025-12-01,S014,P013,23,25.00000000,27.50755419,24.96000000
2025-12-01,S014,P014,26,31.00000000,32.64368565,26.21000000
2025-12-01,S014,P015,30,34.00000000,34.60722076,32.89000000
2025-12-01,S014,P020,17,11.00000000,18.75001857,16.77000000
2025-12-01,S014,P021,65,56.00000000,54.84104459,50.16000000
2025-12-01,S014,P022,62,49.00000000,55.90887441,52.71000000
2025-12-01,S014,P023,48,36.00000000,42.38403365,40.17000000
2025-12-01,S014,P025,25,28.00000000,31.22856539,28.58000000
2025-12-01,S014,P026,50,66.00000000,56.23085088,60.65000000
2025-12-01,S014,P027,46,46.00000000,42.14506123,36.67000000
2025-12-01,S014,P029,21,19.00000000,19.32066825,14.98000000
2025-12-01,S014,P030,37,30.00000000,34.46072376,31.78000000
2025-12-01,S015,P001,41,35.00000000,41.86427302,38.84000000
2025-12-01,S015,P003,33,31.00000000,33.16315645,28.81000000
2025-12-01,S015,P004,59,32.00000000,46.75618327,48.25000000
2025-12-01,S015,P007,24,22.00000000,24.38831086,22.70000000
2025-12-01,S015,P008,26,39.00000000,35.54745132,28.94000000
2025-12-01,S015,P009,23,18.00000000,24.80417850,25.18000000
2025-12-01,S015,P010,21,29.00000000,27.77197977,24.40000000
2025-12-01,S015,P012,14,17.00000000,18.39460371,15.99000000
2025-12-01,S015,P013,22,21.00000000,25.91432188,26.81000000
2025-12-01,S015,P014,31,26.00000000,28.48241553,30.18000000
2025-12-01,S015,P017,46,61.00000000,54.78858443,47.17000000
2025-12-01,S015,P018,44,44.00000000,51.67498345,53.39000000
2025-12-01,S015,P019,28,32.00000000,35.20573266,32.04000000
2025-12-01,S015,P020,19,18.00000000,19.60784743,16.89000000
2025-12-01,S015,P021,60,56.00000000,55.52760890,50.84000000
2025-12-01,S015,P022,40,51.00000000,55.30747257,54.37000000
2025-12-01,S015,P024,29,29.00000000,30.93012624,27.21000000
2025-12-01,S015,P025,26,25.00000000,32.11500296,28.99000000
2025-12-01,S015,P027,35,54.00000000,45.67314857,35.37000000
2025-12-01,S015,P028,50,37.00000000,50.66173484,53.70000000
2025-12-01,S015,P029,16,19.00000000,20.78461965,15.83000000
2025-12-01,S015,P030,37,26.00000000,33.29264895,33.55000000
2025-12-01,S016,P001,21,22.00000000,22.70750586,22.75000000
2025-12-01,S016,P002,14,10.00000000,13.90755991,10.89000000
2025-12-01,S016,P003,14,14.00000000,19.35305355,17.17000000
2025-12-01,S016,P004,24,31.00000000,29.83014260,24.18000000
2025-12-01,S016,P006,22,16.00000000,19.50854571,17.83000000
2025-12-01,S016,P007,11,11.00000000,15.34542400,13.58000000
2025-12-01,S016,P008,18,15.00000000,19.30025103,15.34000000
2025-12-01,S016,P009,13,14.00000000,15.90109943,12.76000000
2025-12-01,S016,P010,13,14.00000000,16.89103545,13.39000000
2025-12-01,S016,P011,28,21.00000000,25.37637063,23.38000000
2025-12-01,S016,P015,21,21.00000000,21.67796042,20.47000000
2025-12-01,S016,P017,36,28.00000000,30.32641183,26.78000000
2025-12-01,S016,P018,28,33.00000000,31.48886664,30.70000000
2025-12-01,S016,P020,11,11.00000000,12.50906472,9.90000000
2025-12-01,S016,P023,21,22.00000000,25.05008985,23.59000000
2025-12-01,S016,P024,16,18.00000000,18.51223664,14.83000000
2025-12-01,S016,P026,35,35.00000000,34.04444122,26.70000000
2025-12-01,S016,P030,17,22.00000000,20.49119468,16.24000000
2025-12-08,S001,P001,58,71.00000000,71.10031558,60.67000000
2025-12-08,S001,P002,33,33.00000000,37.73008682,32.76000000
2025-12-08,S001,P005,64,68.00000000,76.23986532,73.63000000
2025-12-08,S001,P006,55,50.00000000,54.03469761,52.12000000
2025-12-08,S001,P007,41,40.00000000,42.10501039,37.74000000
2025-12-08,S001,P008,70,55.00000000,55.34192612,53.32000000
2025-12-08,S001,P009,38,33.00000000,42.46298094,41.69000000
2025-12-08,S001,P011,78,70.00000000,73.37706879,66.92000000
2025-12-08,S001,P012,30,27.00000000,28.79933838,24.25000000
2025-12-08,S001,P013,42,27.00000000,41.03435044,40.48000000
2025-12-08,S001,P014,45,49.00000000,46.69491407,43.64000000
2025-12-08,S001,P015,52,56.00000000,59.80590530,58.89000000
2025-12-08,S001,P016,77,74.00000000,89.55547170,86.79000000
2025-12-08,S001,P018,75,73.00000000,83.51507927,82.33000000
2025-12-08,S001,P019,53,55.00000000,55.43671284,52.58000000
2025-12-08,S001,P020,28,22.00000000,30.50571130,27.24000000
2025-12-08,S001,P022,71,86.00000000,92.92401503,89.12000000
2025-12-08,S001,P023,71,67.00000000,70.74421657,60.63000000
2025-12-08,S001,P025,50,45.00000000,47.40502890,45.05000000
2025-12-08,S001,P027,61,79.00000000,73.58446169,58.08000000
2025-12-08,S001,P028,87,69.00000000,80.59060851,74.21000000
2025-12-08,S001,P029,33,30.00000000,30.62557027,27.18000000
2025-12-08,S002,P001,44,51.00000000,47.02104724,38.94000000
2025-12-08,S002,P002,26,21.00000000,26.64431147,24.41000000
2025-12-08,S002,P003,29,37.00000000,39.27076781,31.29000000
2025-12-08,S002,P004,62,53.00000000,53.21248953,48.56000000
2025-12-08,S002,P006,32,29.00000000,33.35267197,30.66000000
2025-12-08,S002,P008,36,29.00000000,34.82200735,32.31000000
2025-12-08,S002,P010,28,30.00000000,31.04971340,26.85000000
2025-12-08,S002,P011,46,44.00000000,47.04272207,41.11000000
2025-12-08,S002,P012,24,19.00000000,19.86902204,16.25000000
2025-12-08,S002,P013,25,21.00000000,30.00397823,28.94000000
2025-12-08,S002,P015,39,39.00000000,41.51712047,33.44000000
2025-12-08,S002,P016,54,59.00000000,61.46848533,49.35000000
2025-12-08,S002,P017,62,57.00000000,59.59381523,57.92000000
2025-12-08,S002,P019,30,32.00000000,37.96627532,31.68000000
2025-12-08,S002,P020,21,17.00000000,22.08564874,17.58000000
2025-12-08,S002,P021,48,58.00000000,59.68629359,49.80000000
2025-12-08,S002,P022,68,48.00000000,59.64400314,59.80000000
2025-12-08,S002,P023,43,44.00000000,49.03673070,46.99000000
2025-12-08,S002,P026,54,66.00000000,63.89510304,57.04000000
2025-12-08,S002,P027,54,44.00000000,45.44504872,40.64000000
2025-12-08,S002,P029,24,13.00000000,20.30502474,17.20000000
2025-12-08,S002,P030,34,32.00000000,36.30161244,31.40000000
2025-12-08,S003,P001,56,45.00000000,46.20249233,42.82000000
2025-12-08,S003,P002,21,24.00000000,25.64944443,24.02000000
2025-12-08,S003,P004,42,40.00000000,52.00144151,54.74000000
2025-12-08,S003,P007,22,13.00000000,26.90661473,24.39000000
2025-12-08,S003,P008,31,33.00000000,37.47238142,34.92000000
2025-12-08,S003,P009,27,27.00000000,28.70711599,24.24000000
2025-12-08,S003,P010,26,26.00000000,29.45848396,25.54000000
2025-12-08,S003,P012,18,16.00000000,18.63505892,15.13000000
2025-12-08,S003,P015,35,37.00000000,41.00424871,36.09000000
2025-12-08,S003,P016,54,39.00000000,56.32064487,54.57000000
2025-12-08,S003,P017,71,58.00000000,58.20193986,45.71000000
2025-12-08,S003,P019,38,42.00000000,40.09523635,32.29000000
2025-12-08,S003,P020,13,20.00000000,21.31457993,18.22000000
2025-12-08,S003,P021,66,49.00000000,58.81663319,53.72000000
2025-12-08,S003,P022,59,45.00000000,54.90095139,50.33000000
2025-12-08,S003,P025,25,31.00000000,35.43598936,34.63000000
2025-12-08,S003,P026,65,64.00000000,58.68198531,52.16000000
2025-12-08,S003,P028,43,61.00000000,56.66962074,45.26000000
2025-12-08,S004,P001,19,21.00000000,23.16444808,20.10000000
2025-12-08,S004,P002,9,14.00000000,14.96198086,10.14000000
2025-12-08,S004,P003,15,18.00000000,20.73814155,15.05000000
2025-12-08,S004,P004,25,28.00000000,29.49008875,24.50000000
2025-12-08,S004,P005,23,22.00000000,25.81930296,23.04000000
2025-12-08,S004,P007,10,14.00000000,15.07290970,12.60000000
2025-12-08,S004,P008,21,13.00000000,20.51625503,16.65000000
2025-12-08,S004,P009,12,14.00000000,16.40528259,12.98000000
2025-12-08,S004,P011,21,26.00000000,24.50009571,19.08000000
2025-12-08,S004,P012,10,7.00000000,10.66564227,10.33000000
2025-12-08,S004,P013,16,13.00000000,16.85144235,12.42000000
2025-12-08,S004,P015,18,20.00000000,21.75211582,17.58000000
2025-12-08,S004,P016,22,28.00000000,31.84605482,29.47000000
2025-12-08,S004,P018,27,32.00000000,30.82198186,26.08000000
2025-12-08,S004,P019,20,21.00000000,22.04819029,15.56000000
2025-12-08,S004,P020,8,11.00000000,12.56889729,9.77000000
2025-12-08,S004,P023,18,24.00000000,24.29967840,24.33000000
2025-12-08,S004,P024,12,15.00000000,18.32359950,14.47000000
2025-12-08,S004,P025,12,19.00000000,18.33794319,14.67000000
2025-12-08,S004,P027,25,19.00000000,23.66459909,23.59000000
2025-12-08,S004,P028,29,27.00000000,28.72413453,24.57000000
2025-12-08,S004,P029,8,6.00000000,11.42708148,10.17000000
2025-12-08,S004,P030,16,15.00000000,19.26209997,16.64000000
2025-12-08,S005,P002,32,41.00000000,36.03186334,29.80000000
2025-12-08,S005,P003,58,50.00000000,53.73548998,49.97000000
2025-12-08,S005,P004,85,83.00000000,88.45113338,75.52000000
2025-12-08,S005,P005,81,74.00000000,75.06193534,73.75000000
2025-12-08,S005,P006,56,36.00000000,44.61160861,43.43000000
2025-12-08,S005,P008,36,50.00000000,52.21953089,47.90000000
2025-12-08,S005,P009,30,40.00000000,41.19196612,38.71000000
2025-12-08,S005,P010,45,37.00000000,41.07263518,37.72000000
2025-12-08,S005,P011,66,76.00000000,71.22816723,54.74000000
2025-12-08,S005,P013,48,39.00000000,40.89582402,33.90000000
2025-12-08,S005,P015,62,50.00000000,57.34153988,50.31000000
2025-12-08,S005,P016,93,84.00000000,83.71578949,80.12000000
2025-12-08,S005,P017,87,92.00000000,82.25480944,73.53000000
2025-12-08,S005,P018,81,79.00000000,80.40988102,69.94000000
2025-12-08,S005,P020,23,26.00000000,28.65799945,28.93000000
2025-12-08,S005,P021,98,96.00000000,87.71921056,73.59000000
2025-12-08,S005,P024,52,39.00000000,45.79464869,41.90000000
2025-12-08,S005,P025,52,41.00000000,46.07083665,41.87000000
2025-12-08,S005,P026,72,82.00000000,84.74601373,72.73000000
2025-12-08,S005,P028,66,71.00000000,76.77885234,75.75000000
2025-12-08,S005,P029,31,26.00000000,28.51095771,26.57000000
2025-12-08,S005,P030,59,59.00000000,53.37745391,46.13000000
2025-12-08,S006,P001,48,51.00000000,45.82117640,41.06000000
2025-12-08,S006,P002,20,21.00000000,25.41236461,24.25000000
2025-12-08,S006,P003,31,39.00000000,37.91663693,33.77000000
2025-12-08,S006,P004,62,61.00000000,60.25173865,51.80000000
2025-12-08,S006,P005,61,45.00000000,50.94453149,47.28000000
2025-12-08,S006,P006,36,32.00000000,34.77178460,32.05000000
2025-12-08,S006,P007,24,28.00000000,29.17982670,25.67000000
2025-12-08,S006,P008,43,36.00000000,38.39649620,33.23000000
2025-12-08,S006,P009,25,32.00000000,30.24147757,24.53000000
2025-12-08,S006,P010,23,25.00000000,28.62933504,27.00000000
2025-12-08,S006,P011,54,35.00000000,45.28838665,42.79000000
2025-12-08,S006,P014,36,31.00000000,33.40994117,27.82000000
2025-12-08,S006,P015,32,44.00000000,44.20535111,36.08000000
2025-12-08,S006,P016,58,50.00000000,57.88237308,56.21000000
2025-12-08,S006,P017,59,48.00000000,56.15420643,52.89000000
2025-12-08,S006,P019,31,39.00000000,38.61676035,31.98000000
2025-12-08,S006,P021,61,47.00000000,55.53889391,52.28000000
2025-12-08,S006,P022,58,78.00000000,67.25703271,52.39000000
2025-12-08,S006,P024,31,24.00000000,32.99245452,28.96000000
2025-12-08,S006,P025,28,35.00000000,34.43930781,30.22000000
2025-12-08,S006,P026,69,58.00000000,60.01828196,50.41000000
2025-12-08,S006,P027,54,39.00000000,47.41157478,45.33000000
2025-12-08,S006,P029,16,11.00000000,19.84477193,17.14000000
2025-12-08,S006,P030,39,23.00000000,36.65019118,31.39000000
2025-12-08,S007,P001,40,32.00000000,37.54163035,32.28000000
2025-12-08,S007,P002,19,17.00000000,22.01644814,18.32000000
2025-12-08,S007,P003,27,27.00000000,32.07004196,28.85000000
2025-12-08,S007,P005,48,45.00000000,43.28123254,34.10000000
2025-12-08,S007,P008,21,34.00000000,32.98212337,28.71000000
2025-12-08,S007,P009,29,21.00000000,23.32511924,19.84000000
2025-12-08,S007,P010,24,21.00000000,26.25170072,23.27000000
2025-12-08,S007,P014,26,25.00000000,27.41020880,25.33000000
2025-12-08,S007,P015,34,30.00000000,33.26314796,30.33000000
2025-12-08,S007,P016,54,58.00000000,52.17735828,44.31000000
2025-12-08,S007,P018,47,43.00000000,50.05312328,49.07000000
2025-12-08,S007,P021,60,50.00000000,51.37463909,46.28000000
2025-12-08,S007,P022,36,57.00000000,52.22026391,44.69000000
2025-12-08,S007,P024,26,28.00000000,30.28106881,25.40000000
2025-12-08,S007,P028,57,41.00000000,47.82846309,47.98000000
2025-12-08,S008,P002,9,16.00000000,16.10627995,13.93000000
2025-12-08,S008,P003,21,19.00000000,23.19028209,19.37000000
2025-12-08,S008,P005,23,28.00000000,30.18996751,26.69000000
2025-12-08,S008,P006,18,21.00000000,21.95590027,17.24000000
2025-12-08,S008,P007,16,14.00000000,15.88847752,13.01000000
2025-12-08,S008,P011,24,20.00000000,24.53453217,23.80000000
2025-12-08,S008,P012,9,8.00000000,11.82464411,10.38000000
2025-12-08,S008,P013,19,14.00000000,17.54500438,13.99000000
2025-12-08,S008,P014,16,13.00000000,18.54075262,16.15000000
2025-12-08,S008,P016,28,31.00000000,32.33290423,32.05000000
2025-12-08,S008,P018,25,35.00000000,34.42255978,21.72000000
2025-12-08,S008,P019,15,19.00000000,22.57017436,19.29000000
2025-12-08,S008,P020,9,9.00000000,13.12485615,8.96000000
2025-12-08,S008,P021,37,35.00000000,34.55394340,27.12000000
2025-12-08,S008,P023,19,24.00000000,26.14980042,21.24000000
2025-12-08,S008,P024,17,15.00000000,18.46399558,15.13000000
2025-12-08,S008,P025,14,19.00000000,20.54331203,15.00000000
2025-12-08,S008,P026,31,32.00000000,37.11216552,33.16000000
2025-12-08,S008,P027,25,25.00000000,26.17463616,22.73000000
2025-12-08,S008,P028,26,28.00000000,32.15007430,26.74000000
2025-12-08,S008,P030,18,19.00000000,22.28486932,21.18000000
2025-12-08,S009,P001,70,47.00000000,64.09140387,62.75000000
2025-12-08,S009,P003,47,52.00000000,57.23531826,52.93000000
2025-12-08,S009,P004,84,75.00000000,79.28390901,71.46000000
2025-12-08,S009,P005,77,62.00000000,82.99678327,72.81000000
2025-12-08,S009,P006,61,57.00000000,53.84251436,44.91000000
2025-12-08,S009,P007,37,30.00000000,38.51172072,38.25000000
2025-12-08,S009,P010,44,36.00000000,43.77634051,40.44000000
2025-12-08,S009,P011,77,73.00000000,73.89768477,67.11000000
2025-12-08,S009,P012,30,29.00000000,31.67539936,26.89000000
2025-12-08,S009,P013,45,50.00000000,45.77005967,38.52000000
2025-12-08,S009,P014,40,50.00000000,51.07312698,47.77000000
2025-12-08,S009,P016,73,89.00000000,93.48021890,74.24000000
2025-12-08,S009,P017,91,74.00000000,86.00425359,74.39000000
2025-12-08,S009,P019,60,61.00000000,62.39184496,50.25000000
2025-12-08,S009,P021,82,92.00000000,88.83744566,76.18000000
2025-12-08,S009,P022,89,86.00000000,93.96830234,77.21000000
2025-12-08,S009,P023,58,84.00000000,76.96738465,56.20000000
2025-12-08,S009,P024,40,29.00000000,47.30153761,47.80000000
2025-12-08,S009,P025,48,49.00000000,52.71118793,50.91000000
2025-12-08,S009,P026,120,96.00000000,95.75393939,76.07000000
2025-12-08,S009,P027,65,48.00000000,62.33100286,64.05000000
2025-12-08,S009,P029,29,29.00000000,30.88146438,27.52000000
2025-12-08,S010,P005,48,44.00000000,48.79020964,46.26000000
2025-12-08,S010,P006,27,25.00000000,31.42728226,28.20000000
2025-12-08,S010,P008,39,34.00000000,36.80428836,33.24000000
2025-12-08,S010,P009,22,26.00000000,26.95153805,22.73000000
2025-12-08,S010,P011,47,33.00000000,40.71267104,37.73000000
2025-12-08,S010,P012,18,16.00000000,19.30690916,14.74000000
2025-12-08,S010,P013,24,25.00000000,28.76078629,26.06000000
2025-12-08,S010,P014,27,30.00000000,31.79720171,26.67000000
2025-12-08,S010,P017,69,48.00000000,53.28805511,50.11000000
2025-12-08,S010,P018,52,51.00000000,57.26998647,52.34000000
2025-12-08,S010,P019,40,39.00000000,36.50648786,28.68000000
2025-12-08,S010,P022,38,53.00000000,55.54306972,53.29000000
2025-12-08,S010,P023,48,45.00000000,43.70737586,37.23000000
2025-12-08,S010,P024,23,26.00000000,31.63069480,27.53000000
2025-12-08,S010,P025,33,20.00000000,29.58971533,28.56000000
2025-12-08,S010,P026,56,56.00000000,57.53622600,52.76000000
2025-12-08,S010,P027,44,37.00000000,40.93823702,33.67000000
2025-12-08,S010,P028,57,59.00000000,55.42109545,52.10000000
2025-12-08,S010,P030,34,37.00000000,33.73312096,26.97000000
2025-12-08,S011,P001,42,44.00000000,43.18500379,36.62000000
2025-12-08,S011,P003,30,37.00000000,34.55488690,27.78000000
2025-12-08,S011,P004,51,48.00000000,51.99304881,49.31000000
2025-12-08,S011,P007,24,22.00000000,24.24373585,22.76000000
2025-12-08,S011,P008,32,23.00000000,32.68462090,29.21000000
2025-12-08,S011,P009,24,27.00000000,26.59366525,22.75000000
2025-12-08,S011,P010,25,24.00000000,26.07195662,22.80000000
2025-12-08,S011,P012,12,17.00000000,17.78658908,15.39000000
2025-12-08,S011,P013,30,24.00000000,26.63907082,22.26000000
2025-12-08,S011,P014,25,25.00000000,29.29982753,26.74000000
2025-12-08,S011,P015,30,34.00000000,36.76904921,33.32000000
2025-12-08,S011,P016,51,40.00000000,48.51652162,46.99000000
2025-12-08,S011,P017,46,39.00000000,49.12773017,45.33000000
2025-12-08,S011,P018,42,47.00000000,52.76349781,48.55000000
2025-12-08,S011,P019,37,35.00000000,34.80815293,29.98000000
2025-12-08,S011,P020,16,15.00000000,18.83551710,17.07000000
2025-12-08,S011,P022,38,60.00000000,53.98930167,47.56000000
2025-12-08,S011,P023,43,49.00000000,40.90193660,40.63000000
2025-12-08,S011,P024,27,22.00000000,28.64639979,28.31000000
2025-12-08,S011,P026,51,54.00000000,54.40791124,52.96000000
2025-12-08,S011,P027,41,43.00000000,43.05967172,36.19000000
2025-12-08,S011,P028,55,48.00000000,49.38367134,49.36000000
2025-12-08,S011,P029,17,16.00000000,19.24865890,15.90000000
2025-12-08,S011,P030,28,28.00000000,32.61307171,28.26000000
2025-12-08,S012,P004,28,29.00000000,31.30641898,26.73000000
2025-12-08,S012,P005,26,23.00000000,27.28394721,22.75000000
2025-12-08,S012,P006,19,14.00000000,18.03753132,14.70000000
2025-12-08,S012,P007,12,11.00000000,15.47082605,12.82000000
2025-12-08,S012,P009,14,12.00000000,15.60340970,13.24000000
2025-12-08,S012,P010,12,16.00000000,16.72794832,13.45000000
2025-12-08,S012,P011,22,24.00000000,25.46531194,21.15000000
2025-12-08,S012,P014,9,12.00000000,16.46389466,13.79000000
2025-12-08,S012,P015,16,20.00000000,22.24989682,18.58000000
2025-12-08,S012,P017,14,29.00000000,28.49233231,24.57000000
2025-12-08,S012,P018,25,26.00000000,31.59828331,27.93000000
2025-12-08,S012,P020,10,9.00000000,12.10657666,10.35000000
2025-12-08,S012,P021,27,33.00000000,31.68509490,30.37000000
2025-12-08,S012,P022,31,28.00000000,32.87979489,28.02000000
2025-12-08,S012,P023,24,22.00000000,24.39671320,22.61000000
2025-12-08,S012,P025,15,17.00000000,18.71990578,15.69000000
2025-12-08,S012,P026,31,31.00000000,32.59112481,26.19000000
2025-12-08,S012,P028,28,22.00000000,29.51208186,28.58000000
2025-12-08,S012,P029,8,10.00000000,12.20437405,9.65000000
2025-12-08,S012,P030,17,19.00000000,20.70761165,15.23000000
2025-12-08,S013,P001,62,60.00000000,68.35167507,59.87000000
2025-12-08,S013,P002,29,34.00000000,36.08150974,31.49000000
2025-12-08,S013,P003,47,44.00000000,49.74284670,47.04000000
2025-12-08,S013,P004,79,77.00000000,79.98630525,71.04000000
2025-12-08,S013,P005,64,78.00000000,73.17069263,72.48000000
2025-12-08,S013,P006,41,40.00000000,46.27536550,42.15000000
2025-12-08,S013,P011,71,71.00000000,66.86112912,66.48000000
2025-12-08,S013,P012,25,26.00000000,26.69376236,22.30000000
2025-12-08,S013,P013,42,37.00000000,43.16181845,40.89000000
2025-12-08,S013,P014,40,36.00000000,43.23045079,38.54000000
2025-12-08,S013,P016,89,78.00000000,83.53155987,70.32000000
2025-12-08,S013,P017,73,79.00000000,80.78968182,71.84000000
2025-12-08,S013,P018,76,85.00000000,82.35778484,77.68000000
2025-12-08,S013,P019,55,73.00000000,57.74778348,49.08000000
2025-12-08,S013,P021,73,74.00000000,78.22262563,67.95000000
2025-12-08,S013,P023,65,69.00000000,68.74633959,61.73000000
2025-12-08,S013,P024,44,41.00000000,44.41586509,41.53000000
2025-12-08,S013,P027,84,62.00000000,60.88015474,59.81000000
2025-12-08,S013,P028,68,84.00000000,79.92829684,76.00000000
2025-12-08,S013,P029,28,20.00000000,26.45991767,22.91000000
2025-12-08,S014,P002,22,19.00000000,22.95471404,20.81000000
2025-12-08,S014,P005,51,45.00000000,47.99035837,47.08000000
2025-12-08,S014,P006,27,37.00000000,31.79366651,26.91000000
2025-12-08,S014,P007,22,24.00000000,27.14855401,21.16000000
2025-12-08,S014,P010,30,27.00000000,27.94098620,23.25000000
2025-12-08,S014,P012,14,12.00000000,17.22758738,14.67000000
2025-12-08,S014,P013,26,23.00000000,28.05933678,25.48000000
2025-12-08,S014,P014,28,26.00000000,30.43272274,26.05000000
2025-12-08,S014,P015,33,30.00000000,36.01291350,32.67000000
2025-12-08,S014,P020,15,17.00000000,20.57928491,16.52000000
2025-12-08,S014,P021,53,65.00000000,58.80162376,48.47000000
2025-12-08,S014,P022,60,62.00000000,59.61873881,50.35000000
2025-12-08,S014,P023,34,48.00000000,44.58971530,38.48000000
2025-12-08,S014,P025,24,25.00000000,31.47620778,28.15000000
2025-12-08,S014,P026,54,50.00000000,53.53038485,55.24000000
2025-12-08,S014,P027,39,46.00000000,43.28511698,34.72000000
2025-12-08,S014,P029,18,21.00000000,20.64299367,14.59000000
2025-12-08,S014,P030,38,37.00000000,37.65058785,32.78000000
2025-12-08,S015,P001,39,41.00000000,43.97277619,40.97000000
2025-12-08,S015,P003,33,33.00000000,34.29314572,31.77000000
2025-12-08,S015,P004,36,59.00000000,54.95102083,45.67000000
2025-12-08,S015,P007,20,24.00000000,26.28850326,23.24000000
2025-12-08,S015,P008,29,26.00000000,33.47660822,31.42000000
2025-12-08,S015,P009,32,23.00000000,26.69499995,23.82000000
2025-12-08,S015,P010,26,21.00000000,27.30364272,27.16000000
2025-12-08,S015,P012,18,14.00000000,18.23342829,15.35000000
2025-12-08,S015,P013,28,22.00000000,27.00852241,27.54000000
2025-12-08,S015,P014,31,31.00000000,30.45769528,28.72000000
2025-12-08,S015,P017,47,46.00000000,52.93479304,55.82000000
2025-12-08,S015,P018,55,44.00000000,52.64240335,53.78000000
2025-12-08,S015,P019,42,28.00000000,35.10987340,30.30000000
2025-12-08,S015,P020,15,19.00000000,20.45509002,17.35000000
2025-12-08,S015,P021,48,60.00000000,58.06893540,46.70000000
2025-12-08,S015,P022,50,40.00000000,54.44976257,54.80000000
2025-12-08,S015,P024,30,29.00000000,31.71435771,26.38000000
2025-12-08,S015,P025,31,26.00000000,33.10552624,28.10000000
2025-12-08,S015,P027,45,35.00000000,42.35468884,39.46000000
2025-12-08,S015,P028,42,50.00000000,53.61654971,49.81000000
2025-12-08,S015,P029,18,16.00000000,20.75221108,17.50000000
2025-12-08,S015,P030,26,37.00000000,36.10567403,31.40000000
2025-12-08,S016,P001,23,21.00000000,23.35664630,23.66000000
2025-12-08,S016,P002,13,14.00000000,15.43229749,10.99000000
2025-12-08,S016,P003,14,14.00000000,20.25872997,16.89000000
2025-12-08,S016,P004,23,24.00000000,28.91889699,27.62000000
2025-12-08,S016,P006,18,22.00000000,21.57575220,14.49000000
2025-12-08,S016,P007,11,11.00000000,16.07747607,12.79000000
2025-12-08,S016,P008,20,18.00000000,20.92959859,14.83000000
2025-12-08,S016,P009,16,13.00000000,16.28602139,12.57000000
2025-12-08,S016,P010,15,13.00000000,17.48687540,13.14000000
2025-12-08,S016,P011,22,28.00000000,27.76111007,23.36000000
2025-12-08,S016,P015,24,21.00000000,22.21743435,19.24000000
2025-12-08,S016,P017,31,36.00000000,32.43586383,24.40000000
2025-12-08,S016,P018,30,28.00000000,31.80719788,30.41000000
2025-12-08,S016,P020,10,11.00000000,13.12780784,9.74000000
2025-12-08,S016,P023,22,21.00000000,25.08895181,23.91000000
2025-12-08,S016,P024,15,16.00000000,18.70219171,15.98000000
2025-12-08,S016,P026,26,35.00000000,34.48030287,26.72000000
2025-12-08,S016,P030,19,17.00000000,20.12147127,14.80000000
2025-12-15,S001,P001,64,58.00000000,69.01251889,64.30000000
2025-12-15,S001,P002,40,33.00000000,38.98877321,33.82000000
2025-12-15,S001,P005,66,64.00000000,76.13145597,71.47000000
2025-12-15,S001,P006,49,55.00000000,54.51387698,49.21000000
2025-12-15,S001,P007,32,41.00000000,42.53505982,36.46000000
2025-12-15,S001,P008,58,70.00000000,58.69575486,48.27000000
2025-12-15,S001,P009,40,38.00000000,45.17889251,41.45000000
2025-12-15,S001,P011,77,78.00000000,75.74622904,74.76000000
2025-12-15,S001,P012,23,30.00000000,30.64004348,24.82000000
2025-12-15,S001,P013,41,42.00000000,46.00341736,39.73000000
2025-12-15,S001,P014,47,45.00000000,47.09961104,39.44000000
2025-12-15,S001,P015,53,52.00000000,60.25427372,51.80000000
2025-12-15,S001,P016,105,77.00000000,90.85140284,82.17000000
2025-12-15,S001,P018,95,75.00000000,85.12447325,77.53000000
2025-12-15,S001,P019,70,53.00000000,55.76306627,51.91000000
2025-12-15,S001,P020,31,28.00000000,32.53775960,24.06000000
2025-12-15,S001,P022,93,71.00000000,90.45638166,74.87000000
2025-12-15,S001,P023,66,71.00000000,72.32839046,62.14000000
2025-12-15,S001,P025,57,50.00000000,49.60925954,44.57000000
2025-12-15,S001,P027,61,61.00000000,69.55700731,58.78000000
2025-12-15,S001,P028,66,87.00000000,86.46097131,79.02000000
2025-12-15,S001,P029,29,33.00000000,31.72590873,26.80000000
2025-12-15,S002,P001,45,44.00000000,45.14400316,37.53000000
2025-12-15,S002,P002,23,26.00000000,28.76757701,21.68000000
2025-12-15,S002,P003,40,29.00000000,38.35194435,33.74000000
2025-12-15,S002,P004,49,62.00000000,56.12718957,48.81000000
2025-12-15,S002,P006,31,32.00000000,35.56978340,32.83000000
2025-12-15,S002,P008,30,36.00000000,36.91205205,30.84000000
2025-12-15,S002,P010,33,28.00000000,31.25156554,25.40000000
2025-12-15,S002,P011,40,46.00000000,46.89295740,40.15000000
2025-12-15,S002,P012,13,24.00000000,21.55061874,15.07000000
2025-12-15,S002,P013,29,25.00000000,32.15001225,27.73000000
2025-12-15,S002,P015,46,39.00000000,42.44157630,34.28000000
2025-12-15,S002,P016,50,54.00000000,59.27616925,48.48000000
2025-12-15,S002,P017,55,62.00000000,61.08602270,55.20000000
2025-12-15,S002,P019,42,30.00000000,37.83996777,33.33000000
2025-12-15,S002,P020,20,21.00000000,23.19075074,17.42000000
2025-12-15,S002,P021,60,48.00000000,58.44924433,53.40000000
2025-12-15,S002,P022,58,68.00000000,65.55054325,52.29000000
2025-12-15,S002,P023,38,43.00000000,48.67260371,41.48000000
2025-12-15,S002,P026,80,54.00000000,61.65359913,53.77000000
2025-12-15,S002,P027,46,54.00000000,48.65062879,40.87000000
2025-12-15,S002,P029,17,24.00000000,23.45329207,18.89000000
2025-12-15,S002,P030,45,34.00000000,37.71859998,31.98000000
2025-12-15,S003,P001,42,56.00000000,49.72367012,43.89000000
2025-12-15,S003,P002,30,21.00000000,25.78140310,22.80000000
2025-12-15,S003,P004,50,42.00000000,54.55198124,45.53000000
2025-12-15,S003,P007,22,22.00000000,29.53312778,24.94000000
2025-12-15,S003,P008,32,31.00000000,37.48152284,34.38000000
2025-12-15,S003,P009,32,27.00000000,29.48178338,27.62000000
2025-12-15,S003,P010,30,26.00000000,29.90004188,24.67000000
2025-12-15,S003,P012,16,18.00000000,19.82498902,14.51000000
2025-12-15,S003,P015,30,35.00000000,41.19396445,38.45000000
2025-12-15,S003,P016,37,54.00000000,60.27380440,50.65000000
2025-12-15,S003,P017,66,71.00000000,62.04792150,48.97000000
2025-12-15,S003,P019,37,38.00000000,40.02297102,33.21000000
2025-12-15,S003,P020,16,13.00000000,20.59716615,17.84000000
2025-12-15,S003,P021,55,66.00000000,61.96900604,50.83000000
2025-12-15,S003,P022,67,59.00000000,59.49067693,51.40000000
2025-12-15,S003,P025,29,25.00000000,35.08842051,32.39000000
2025-12-15,S003,P026,48,65.00000000,60.16805007,54.50000000
2025-12-15,S003,P028,63,43.00000000,54.46313344,52.48000000
2025-12-15,S004,P001,22,19.00000000,23.53178856,19.48000000
2025-12-15,S004,P002,13,9.00000000,14.48715216,10.02000000
2025-12-15,S004,P003,16,15.00000000,20.56896270,17.78000000
2025-12-15,S004,P004,22,25.00000000,29.86412321,26.25000000
2025-12-15,S004,P005,22,23.00000000,26.66593163,22.60000000
2025-12-15,S004,P007,12,10.00000000,14.96697920,12.28000000
2025-12-15,S004,P008,16,21.00000000,22.43519671,14.04000000
2025-12-15,S004,P009,16,12.00000000,16.40109888,12.39000000
2025-12-15,S004,P011,24,21.00000000,23.96495158,20.08000000
2025-12-15,S004,P012,9,10.00000000,11.93960509,9.78000000
2025-12-15,S004,P013,19,16.00000000,18.11208006,13.62000000
2025-12-15,S004,P015,19,18.00000000,21.75844290,18.72000000
2025-12-15,S004,P016,37,22.00000000,32.41484908,24.76000000
2025-12-15,S004,P018,28,27.00000000,29.71165248,25.61000000
2025-12-15,S004,P019,18,20.00000000,22.17096159,15.44000000
2025-12-15,S004,P020,11,8.00000000,12.34828555,10.15000000
2025-12-15,S004,P023,26,18.00000000,23.91118746,23.80000000
2025-12-15,S004,P024,15,12.00000000,17.86579411,14.32000000
2025-12-15,S004,P025,15,12.00000000,17.33359610,13.09000000
2025-12-15,S004,P027,20,25.00000000,25.97625615,21.25000000
2025-12-15,S004,P028,27,29.00000000,29.71667199,23.60000000
2025-12-15,S004,P029,9,8.00000000,12.39846475,9.99000000
2025-12-15,S004,P030,18,16.00000000,20.22234454,17.52000000
2025-12-15,S005,P002,28,32.00000000,34.70847631,33.68000000
2025-12-15,S005,P003,52,58.00000000,56.18574791,48.10000000
2025-12-15,S005,P004,64,85.00000000,88.80260914,78.11000000
2025-12-15,S005,P005,76,81.00000000,77.98890226,73.16000000
2025-12-15,S005,P006,53,56.00000000,50.56795334,43.88000000
2025-12-15,S005,P008,58,36.00000000,51.62055040,46.80000000
2025-12-15,S005,P009,48,30.00000000,39.98369988,37.11000000
2025-12-15,S005,P010,30,45.00000000,43.29495658,37.30000000
2025-12-15,S005,P011,65,66.00000000,68.11705062,57.85000000
2025-12-15,S005,P013,30,48.00000000,43.67707261,33.25000000
2025-12-15,S005,P015,62,62.00000000,60.73440701,52.71000000
2025-12-15,S005,P016,76,93.00000000,86.58318961,77.62000000
2025-12-15,S005,P017,78,87.00000000,82.38008389,79.64000000
2025-12-15,S005,P018,64,81.00000000,83.23616438,77.50000000
2025-12-15,S005,P020,24,23.00000000,28.55307144,25.62000000
2025-12-15,S005,P021,76,98.00000000,87.96078968,77.10000000
2025-12-15,S005,P024,48,52.00000000,49.44961284,43.64000000
2025-12-15,S005,P025,55,52.00000000,48.92704920,43.83000000
2025-12-15,S005,P026,98,72.00000000,83.74693047,74.24000000
2025-12-15,S005,P028,76,66.00000000,75.87598686,80.51000000
2025-12-15,S005,P029,34,31.00000000,30.84470170,26.95000000
2025-12-15,S005,P030,56,59.00000000,54.87095917,44.52000000
2025-12-15,S006,P001,47,48.00000000,45.61002199,38.14000000
2025-12-15,S006,P002,18,20.00000000,25.82769787,23.13000000
2025-12-15,S006,P003,32,31.00000000,36.41869279,33.97000000
2025-12-15,S006,P004,48,62.00000000,60.30137869,53.15000000
2025-12-15,S006,P005,56,61.00000000,54.54568087,44.98000000
2025-12-15,S006,P006,31,36.00000000,35.97761693,29.28000000
2025-12-15,S006,P007,26,24.00000000,28.28667186,26.26000000
2025-12-15,S006,P008,31,43.00000000,41.62985471,31.51000000
2025-12-15,S006,P009,25,25.00000000,29.56586498,26.64000000
2025-12-15,S006,P010,29,23.00000000,29.03997239,26.08000000
2025-12-15,S006,P011,53,54.00000000,51.01148502,41.71000000
2025-12-15,S006,P014,28,36.00000000,34.95520713,26.58000000
2025-12-15,S006,P015,44,32.00000000,42.34343978,38.04000000
2025-12-15,S006,P016,63,58.00000000,60.05014298,52.80000000
2025-12-15,S006,P017,44,59.00000000,58.67060156,53.32000000
2025-12-15,S006,P019,36,31.00000000,37.31484844,33.53000000
2025-12-15,S006,P021,46,61.00000000,60.33465529,52.32000000
2025-12-15,S006,P022,63,58.00000000,63.49735287,59.09000000
2025-12-15,S006,P024,25,31.00000000,35.76749755,28.52000000
2025-12-15,S006,P025,24,28.00000000,34.26185347,32.12000000
2025-12-15,S006,P026,56,69.00000000,61.69622007,50.81000000
2025-12-15,S006,P027,42,54.00000000,51.74069843,44.97000000
2025-12-15,S006,P029,23,16.00000000,21.48958217,18.00000000
2025-12-15,S006,P030,37,39.00000000,41.30335552,32.36000000
2025-12-15,S007,P001,40,40.00000000,40.07573266,32.39000000
2025-12-15,S007,P002,21,19.00000000,22.73086985,18.69000000
2025-12-15,S007,P003,35,27.00000000,32.67440650,27.11000000
2025-12-15,S007,P005,48,48.00000000,44.31769476,36.72000000
2025-12-15,S007,P008,23,21.00000000,30.70619114,26.98000000
2025-12-15,S007,P009,19,29.00000000,25.71017962,19.62000000
2025-12-15,S007,P010,22,24.00000000,27.73502090,21.54000000
2025-12-15,S007,P014,30,26.00000000,28.96303177,26.11000000
2025-12-15,S007,P015,28,34.00000000,34.97496760,31.97000000
2025-12-15,S007,P016,52,54.00000000,50.75088700,46.86000000
2025-12-15,S007,P018,60,47.00000000,51.61722230,51.61000000
2025-12-15,S007,P021,47,60.00000000,54.39733769,45.79000000
2025-12-15,S007,P022,44,36.00000000,49.30054865,48.21000000
2025-12-15,S007,P024,23,26.00000000,30.07084925,25.38000000
2025-12-15,S007,P028,50,57.00000000,52.52712472,45.30000000
2025-12-15,S008,P002,11,9.00000000,15.21930981,11.82000000
2025-12-15,S008,P003,21,21.00000000,23.74159023,19.29000000
2025-12-15,S008,P005,25,23.00000000,29.55114614,27.85000000
2025-12-15,S008,P006,19,18.00000000,21.99557159,17.38000000
2025-12-15,S008,P007,16,16.00000000,16.65345035,13.15000000
2025-12-15,S008,P011,32,24.00000000,26.63370849,23.80000000
2025-12-15,S008,P012,9,9.00000000,12.59461770,10.31000000
2025-12-15,S008,P013,16,19.00000000,19.12912462,13.97000000
2025-12-15,S008,P014,16,16.00000000,20.12561726,16.89000000
2025-12-15,S008,P016,36,28.00000000,31.88537031,24.44000000
2025-12-15,S008,P018,31,25.00000000,31.89992770,29.91000000
2025-12-15,S008,P019,20,15.00000000,22.39799283,20.61000000
2025-12-15,S008,P020,12,9.00000000,13.86911224,10.28000000
2025-12-15,S008,P021,32,37.00000000,34.86236162,27.00000000
2025-12-15,S008,P023,17,19.00000000,25.36363035,23.45000000
2025-12-15,S008,P024,18,17.00000000,19.65111135,15.74000000
2025-12-15,S008,P025,22,14.00000000,20.03607183,16.07000000
2025-12-15,S008,P026,26,31.00000000,37.98337452,34.29000000
2025-12-15,S008,P027,21,25.00000000,26.99378647,25.12000000
2025-12-15,S008,P028,23,26.00000000,32.09171101,25.57000000
2025-12-15,S008,P030,24,18.00000000,22.64520885,20.83000000
2025-12-15,S009,P001,69,70.00000000,70.11720729,57.68000000
2025-12-15,S009,P003,64,47.00000000,58.45143342,54.12000000
2025-12-15,S009,P004,68,84.00000000,83.28022117,78.57000000
2025-12-15,S009,P005,94,77.00000000,87.32034857,84.67000000
2025-12-15,S009,P006,51,61.00000000,54.90750840,44.78000000
2025-12-15,S009,P007,36,37.00000000,41.08517050,38.09000000
2025-12-15,S009,P010,44,44.00000000,46.90902445,43.12000000
2025-12-15,S009,P011,50,77.00000000,76.21604769,73.38000000
2025-12-15,S009,P012,25,30.00000000,30.98121867,27.07000000
2025-12-15,S009,P013,52,45.00000000,46.71632504,41.31000000
2025-12-15,S009,P014,43,40.00000000,48.62891350,45.91000000
2025-12-15,S009,P016,110,73.00000000,91.93136647,79.34000000
2025-12-15,S009,P017,82,91.00000000,90.05648084,75.29000000
2025-12-15,S009,P019,55,60.00000000,62.58344228,49.76000000
2025-12-15,S009,P021,106,82.00000000,89.19690154,77.48000000
2025-12-15,S009,P022,97,89.00000000,96.26770017,86.72000000
2025-12-15,S009,P023,76,58.00000000,69.95610972,58.30000000
2025-12-15,S009,P024,45,40.00000000,50.26160445,49.33000000
2025-12-15,S009,P025,35,48.00000000,53.59666877,52.73000000
2025-12-15,S009,P026,112,120.00000000,104.51840562,84.82000000
2025-12-15,S009,P027,50,65.00000000,68.92551391,62.60000000
2025-12-15,S009,P029,26,29.00000000,31.39428807,24.91000000
2025-12-15,S010,P005,37,48.00000000,50.34423742,45.16000000
2025-12-15,S010,P006,23,27.00000000,32.59137626,25.00000000
2025-12-15,S010,P008,30,39.00000000,38.34473981,30.30000000
2025-12-15,S010,P009,29,22.00000000,27.13423409,21.89000000
2025-12-15,S010,P011,36,47.00000000,43.77992708,35.89000000
2025-12-15,S010,P012,18,18.00000000,20.07269613,14.64000000
2025-12-15,S010,P013,25,24.00000000,29.38473039,26.58000000
2025-12-15,S010,P014,27,27.00000000,31.68633808,25.88000000
2025-12-15,S010,P017,59,69.00000000,59.03661711,50.05000000
2025-12-15,S010,P018,50,52.00000000,57.26443524,53.24000000
2025-12-15,S010,P019,44,40.00000000,37.59187083,27.82000000
2025-12-15,S010,P022,69,38.00000000,53.01692357,53.80000000
2025-12-15,S010,P023,36,48.00000000,45.30613776,36.11000000
2025-12-15,S010,P024,29,23.00000000,31.68087691,23.88000000
2025-12-15,S010,P025,29,33.00000000,33.63214290,28.80000000
2025-12-15,S010,P026,49,56.00000000,58.36714080,51.71000000
2025-12-15,S010,P027,39,44.00000000,43.34775910,33.90000000
2025-12-15,S010,P028,52,57.00000000,56.42193374,52.42000000
2025-12-15,S010,P030,33,34.00000000,34.02337868,28.56000000
2025-12-15,S011,P001,36,42.00000000,44.08704698,36.19000000
2025-12-15,S011,P003,29,30.00000000,33.35094675,27.24000000
2025-12-15,S011,P004,48,51.00000000,52.74295231,48.34000000
2025-12-15,S011,P007,21,24.00000000,25.34626075,21.20000000
2025-12-15,S011,P008,39,32.00000000,35.64668315,25.73000000
2025-12-15,S011,P009,19,24.00000000,26.02099028,20.71000000
2025-12-15,S011,P010,21,25.00000000,27.14594969,23.58000000
2025-12-15,S011,P012,15,12.00000000,17.48819906,14.58000000
2025-12-15,S011,P013,30,30.00000000,28.62606139,21.43000000
2025-12-15,S011,P014,30,25.00000000,28.49859233,26.02000000
2025-12-15,S011,P015,37,30.00000000,37.26803639,32.84000000
2025-12-15,S011,P016,59,51.00000000,50.62904869,47.46000000
2025-12-15,S011,P017,47,46.00000000,51.60031704,46.91000000
2025-12-15,S011,P018,72,42.00000000,51.63584293,52.19000000
2025-12-15,S011,P019,37,37.00000000,35.26904133,27.13000000
2025-12-15,S011,P020,21,16.00000000,19.65129493,16.12000000
2025-12-15,S011,P022,59,38.00000000,50.67485209,48.35000000
2025-12-15,S011,P023,50,43.00000000,41.09802062,34.61000000
2025-12-15,S011,P024,31,27.00000000,30.67900626,25.16000000
2025-12-15,S011,P026,57,51.00000000,55.01344574,54.19000000
2025-12-15,S011,P027,48,41.00000000,43.48908848,37.34000000
2025-12-15,S011,P028,38,55.00000000,51.91070297,51.78000000
2025-12-15,S011,P029,14,17.00000000,19.79927152,15.69000000
2025-12-15,S011,P030,42,28.00000000,33.52888434,28.19000000
2025-12-15,S012,P004,24,28.00000000,31.77894637,24.96000000
2025-12-15,S012,P005,21,26.00000000,28.48020149,21.72000000
2025-12-15,S012,P006,17,19.00000000,19.73214618,14.71000000
2025-12-15,S012,P007,12,12.00000000,15.99434888,11.86000000
2025-12-15,S012,P009,11,14.00000000,16.62741192,12.86000000
2025-12-15,S012,P010,12,12.00000000,16.44683282,11.73000000
2025-12-15,S012,P011,25,22.00000000,25.07383918,21.20000000
2025-12-15,S012,P014,14,9.00000000,16.60104244,13.27000000
2025-12-15,S012,P015,26,16.00000000,22.02021420,20.78000000
2025-12-15,S012,P017,28,14.00000000,26.22765528,24.42000000
2025-12-15,S012,P018,31,25.00000000,31.78662675,24.60000000
2025-12-15,S012,P020,8,10.00000000,12.84176398,9.91000000
2025-12-15,S012,P021,25,27.00000000,30.46821819,27.26000000
2025-12-15,S012,P022,29,31.00000000,34.22176960,27.92000000
2025-12-15,S012,P023,20,24.00000000,25.67611633,20.71000000
2025-12-15,S012,P025,18,15.00000000,18.57725856,14.68000000
2025-12-15,S012,P026,33,31.00000000,32.76703620,24.64000000
2025-12-15,S012,P028,29,28.00000000,31.47737196,24.97000000
2025-12-15,S012,P029,10,8.00000000,12.37944335,10.52000000
2025-12-15,S012,P030,22,17.00000000,21.10048128,17.03000000
2025-12-15,S013,P001,54,62.00000000,70.24956032,60.32000000
2025-12-15,S013,P002,33,29.00000000,35.44082077,32.54000000
2025-12-15,S013,P003,48,47.00000000,52.22556289,52.25000000
2025-12-15,S013,P004,93,79.00000000,81.53833073,79.37000000
2025-12-15,S013,P005,79,64.00000000,69.75046996,67.68000000
2025-12-15,S013,P006,38,41.00000000,46.76891925,41.42000000
2025-12-15,S013,P011,59,71.00000000,66.82304302,66.79000000
2025-12-15,S013,P012,23,25.00000000,27.29648464,23.22000000
2025-12-15,S013,P013,44,42.00000000,44.97506395,40.67000000
2025-12-15,S013,P014,43,40.00000000,44.53257352,39.33000000
2025-12-15,S013,P016,97,89.00000000,87.61497239,78.01000000
2025-12-15,S013,P017,83,73.00000000,81.31962447,80.32000000
2025-12-15,S013,P018,80,76.00000000,80.73695371,74.55000000
2025-12-15,S013,P019,51,55.00000000,54.56386582,46.52000000
2025-12-15,S013,P021,108,73.00000000,81.04414335,75.61000000
2025-12-15,S013,P023,57,65.00000000,67.70170307,62.97000000
2025-12-15,S013,P024,37,44.00000000,46.40310476,41.38000000
2025-12-15,S013,P027,63,84.00000000,65.47334547,61.20000000
2025-12-15,S013,P028,76,68.00000000,76.72980515,70.60000000
2025-12-15,S013,P029,26,28.00000000,28.76482976,22.67000000
2025-12-15,S014,P002,27,22.00000000,23.95795064,19.15000000
2025-12-15,S014,P005,38,51.00000000,49.33028401,41.95000000
2025-12-15,S014,P006,30,27.00000000,30.13992858,25.04000000
2025-12-15,S014,P007,23,22.00000000,27.25174363,21.30000000
2025-12-15,S014,P010,20,30.00000000,28.69977223,21.98000000
2025-12-15,S014,P012,20,14.00000000,18.47946116,12.92000000
2025-12-15,S014,P013,17,26.00000000,29.73367445,24.78000000
2025-12-15,S014,P014,27,28.00000000,30.94154815,26.78000000
2025-12-15,S014,P015,35,33.00000000,37.37472375,31.21000000
2025-12-15,S014,P020,17,15.00000000,20.22209124,17.08000000
2025-12-15,S014,P021,50,53.00000000,57.22020296,53.31000000
2025-12-15,S014,P022,52,60.00000000,60.35925493,43.66000000
2025-12-15,S014,P023,45,34.00000000,42.34919513,40.66000000
2025-12-15,S014,P025,26,24.00000000,31.90774811,27.19000000
2025-12-15,S014,P026,57,54.00000000,55.41538931,52.99000000
2025-12-15,S014,P027,38,39.00000000,42.68958770,37.95000000
2025-12-15,S014,P029,15,18.00000000,20.33823059,14.16000000
2025-12-15,S014,P030,38,38.00000000,38.36682141,33.82000000
2025-12-15,S015,P001,48,39.00000000,43.15797443,37.03000000
2025-12-15,S015,P003,36,33.00000000,36.43459501,33.19000000
2025-12-15,S015,P004,56,36.00000000,51.65001498,48.24000000
2025-12-15,S015,P007,25,20.00000000,26.60640894,22.13000000
2025-12-15,S015,P008,31,29.00000000,34.61593621,25.14000000
2025-12-15,S015,P009,15,32.00000000,29.50689917,21.61000000
2025-12-15,S015,P010,26,26.00000000,28.90397004,26.29000000
2025-12-15,S015,P012,17,18.00000000,20.09578288,14.88000000
2025-12-15,S015,P013,25,28.00000000,29.72730139,24.01000000
2025-12-15,S015,P014,37,31.00000000,31.86586315,26.63000000
2025-12-15,S015,P017,49,47.00000000,55.08894433,54.92000000
2025-12-15,S015,P018,53,55.00000000,55.70946893,52.23000000
2025-12-15,S015,P019,21,42.00000000,38.87406662,29.47000000
2025-12-15,S015,P020,17,15.00000000,20.36373832,15.96000000
2025-12-15,S015,P021,52,48.00000000,57.06239289,52.03000000
2025-12-15,S015,P022,55,50.00000000,57.89016418,54.48000000
2025-12-15,S015,P024,37,30.00000000,32.74474695,24.58000000
2025-12-15,S015,P025,25,31.00000000,34.69127475,26.16000000
2025-12-15,S015,P027,46,45.00000000,45.45828490,40.05000000
2025-12-15,S015,P028,56,42.00000000,52.79740311,52.09000000
2025-12-15,S015,P029,17,18.00000000,21.50423338,14.47000000
2025-12-15,S015,P030,28,26.00000000,34.87212984,33.23000000
2025-12-15,S016,P001,23,23.00000000,24.92505055,22.05000000
2025-12-15,S016,P002,15,13.00000000,15.87878854,10.73000000
2025-12-15,S016,P003,21,14.00000000,21.02119334,16.74000000
2025-12-15,S016,P004,26,23.00000000,29.52962270,26.05000000
2025-12-15,S016,P006,18,18.00000000,21.05456109,13.91000000
2025-12-15,S016,P007,14,11.00000000,16.76955276,12.40000000
2025-12-15,S016,P008,21,20.00000000,21.84673465,16.66000000
2025-12-15,S016,P009,13,16.00000000,17.35364141,13.37000000
2025-12-15,S016,P010,12,15.00000000,18.37410733,12.54000000
2025-12-15,S016,P011,23,22.00000000,26.96912300,22.55000000
2025-12-15,S016,P015,17,24.00000000,23.26590038,18.95000000
2025-12-15,S016,P017,31,31.00000000,31.11393492,26.58000000
2025-12-15,S016,P018,33,30.00000000,33.26073255,27.15000000
2025-12-15,S016,P020,10,10.00000000,13.50065836,10.02000000
2025-12-15,S016,P023,27,22.00000000,25.78284513,24.56000000
2025-12-15,S016,P024,17,15.00000000,19.28314589,15.16000000
2025-12-15,S016,P026,34,26.00000000,32.54782341,26.22000000
2025-12-15,S016,P030,21,19.00000000,21.15567732,15.78000000
2025-12-22,S001,P001,58,64.00000000,70.06595345,61.39000000
2025-12-22,S001,P002,34,40.00000000,40.88949365,33.31000000
2025-12-22,S001,P005,93,66.00000000,75.83997391,70.95000000
2025-12-22,S001,P006,62,49.00000000,52.73564465,49.66000000
2025-12-22,S001,P007,45,32.00000000,40.80424124,34.87000000
2025-12-22,S001,P008,64,58.00000000,55.83651266,52.50000000
2025-12-22,S001,P009,44,40.00000000,45.05628526,40.58000000
2025-12-22,S001,P011,90,77.00000000,74.44308908,72.36000000
2025-12-22,S001,P012,32,23.00000000,29.23582873,25.16000000
2025-12-22,S001,P013,43,41.00000000,45.67563728,36.20000000
2025-12-22,S001,P014,49,47.00000000,47.65271916,41.74000000
2025-12-22,S001,P015,54,53.00000000,60.49530584,51.16000000
2025-12-22,S001,P016,94,105.00000000,95.35390169,75.66000000
2025-12-22,S001,P018,119,95.00000000,89.43558486,76.77000000
2025-12-22,S001,P019,51,70.00000000,60.23479117,49.51000000
2025-12-22,S001,P020,29,31.00000000,33.23134807,23.74000000
2025-12-22,S001,P022,95,93.00000000,93.92558694,89.49000000
2025-12-22,S001,P023,64,66.00000000,72.27539773,59.38000000
2025-12-22,S001,P025,46,57.00000000,51.56134524,43.07000000
2025-12-22,S001,P027,61,61.00000000,68.24103753,63.42000000
2025-12-22,S001,P028,74,66.00000000,80.87169841,78.54000000
2025-12-22,S001,P029,25,29.00000000,31.06794735,26.68000000
2025-12-22,S002,P001,51,45.00000000,45.39659954,36.49000000
2025-12-22,S002,P002,27,23.00000000,27.75855488,21.47000000
2025-12-22,S002,P003,33,40.00000000,40.73983780,33.07000000
2025-12-22,S002,P004,58,49.00000000,55.51392270,53.27000000
2025-12-22,S002,P006,34,31.00000000,35.62535695,31.69000000
2025-12-22,S002,P008,32,30.00000000,36.20503045,32.08000000
2025-12-22,S002,P010,25,33.00000000,32.23415723,27.12000000
2025-12-22,S002,P011,56,40.00000000,44.82308666,39.29000000
2025-12-22,S002,P012,19,13.00000000,19.89367792,15.86000000
2025-12-22,S002,P013,31,29.00000000,33.44331742,23.97000000
2025-12-22,S002,P015,35,46.00000000,43.72731049,34.06000000
2025-12-22,S002,P016,60,50.00000000,58.94711673,48.61000000
2025-12-22,S002,P017,52,55.00000000,59.96762016,49.93000000
2025-12-22,S002,P019,32,42.00000000,39.72036902,30.92000000
2025-12-22,S002,P020,19,20.00000000,22.84594944,18.18000000
2025-12-22,S002,P021,60,60.00000000,61.22631107,54.21000000
2025-12-22,S002,P022,52,58.00000000,63.84981236,54.59000000
2025-12-22,S002,P023,60,38.00000000,47.46435833,44.68000000
2025-12-22,S002,P026,62,80.00000000,67.03859360,53.80000000
2025-12-22,S002,P027,35,46.00000000,47.12803460,42.95000000
2025-12-22,S002,P029,21,17.00000000,22.21625889,17.82000000
2025-12-22,S002,P030,29,45.00000000,40.74742254,34.48000000
2025-12-22,S003,P001,43,42.00000000,47.25690398,45.59000000
2025-12-22,S003,P002,32,30.00000000,27.80926689,22.98000000
2025-12-22,S003,P004,50,50.00000000,55.56504476,54.29000000
2025-12-22,S003,P007,26,22.00000000,29.51437004,26.46000000
2025-12-22,S003,P008,39,32.00000000,37.70672247,34.02000000
2025-12-22,S003,P009,31,32.00000000,30.69594007,25.04000000
2025-12-22,S003,P010,31,30.00000000,30.56672890,23.89000000
2025-12-22,S003,P012,19,16.00000000,19.89444585,15.71000000
2025-12-22,S003,P015,29,30.00000000,40.50452433,37.15000000
2025-12-22,S003,P016,59,37.00000000,56.72585227,54.18000000
2025-12-22,S003,P017,56,66.00000000,59.96480457,47.91000000
2025-12-22,S003,P019,42,37.00000000,40.35727422,33.65000000
2025-12-22,S003,P020,19,16.00000000,21.77640188,16.21000000
2025-12-22,S003,P021,51,55.00000000,59.05658674,49.53000000
2025-12-22,S003,P022,65,67.00000000,60.25605919,48.17000000
2025-12-22,S003,P025,39,29.00000000,36.15548237,30.82000000
2025-12-22,S003,P026,71,48.00000000,57.01328082,52.86000000
2025-12-22,S003,P028,58,63.00000000,58.89782280,51.41000000
2025-12-22,S004,P001,20,22.00000000,24.76733666,20.13000000
2025-12-22,S004,P002,9,13.00000000,15.56465718,9.69000000
2025-12-22,S004,P003,16,16.00000000,21.14747925,17.41000000
2025-12-22,S004,P004,25,22.00000000,29.40350350,26.83000000
2025-12-22,S004,P005,22,22.00000000,26.31987665,22.00000000
2025-12-22,S004,P007,13,12.00000000,16.04804295,10.82000000
2025-12-22,S004,P008,18,16.00000000,20.93618934,17.47000000
2025-12-22,S004,P009,15,16.00000000,17.35715894,13.74000000
2025-12-22,S004,P011,27,24.00000000,25.07624039,19.81000000
2025-12-22,S004,P012,10,9.00000000,12.16548150,10.03000000
2025-12-22,S004,P013,12,19.00000000,18.81129717,13.30000000
2025-12-22,S004,P015,22,19.00000000,22.27176190,16.76000000
2025-12-22,S004,P016,20,37.00000000,35.47585068,26.33000000
2025-12-22,S004,P018,30,28.00000000,30.10403368,24.23000000
2025-12-22,S004,P019,18,18.00000000,21.58108182,15.43000000
2025-12-22,S004,P020,11,11.00000000,13.37372979,9.79000000
2025-12-22,S004,P023,20,26.00000000,26.31476206,22.81000000
2025-12-22,S004,P024,16,15.00000000,18.76904689,11.79000000
2025-12-22,S004,P025,14,15.00000000,18.39745507,14.21000000
2025-12-22,S004,P027,21,20.00000000,25.27799846,21.67000000
2025-12-22,S004,P028,28,27.00000000,29.31574190,22.69000000
2025-12-22,S004,P029,7,9.00000000,13.00125677,10.02000000
2025-12-22,S004,P030,19,18.00000000,20.80718527,14.24000000
2025-12-22,S005,P002,27,28.00000000,34.15826285,30.96000000
2025-12-22,S005,P003,46,52.00000000,54.69644908,49.49000000
2025-12-22,S005,P004,76,64.00000000,83.22710091,81.31000000
2025-12-22,S005,P005,93,76.00000000,76.73610632,71.09000000
2025-12-22,S005,P006,42,53.00000000,50.23396502,42.71000000
2025-12-22,S005,P008,58,58.00000000,56.10955671,50.06000000
2025-12-22,S005,P009,39,48.00000000,44.44103432,36.31000000
2025-12-22,S005,P010,47,30.00000000,40.54419273,36.93000000
2025-12-22,S005,P011,57,65.00000000,66.20068259,59.12000000
2025-12-22,S005,P013,43,30.00000000,40.00297694,36.29000000
2025-12-22,S005,P015,60,62.00000000,60.24983488,52.02000000
2025-12-22,S005,P016,82,76.00000000,81.62773104,75.65000000
2025-12-22,S005,P017,60,78.00000000,79.56490650,75.71000000
2025-12-22,S005,P018,73,64.00000000,79.82680834,74.00000000
2025-12-22,S005,P020,24,24.00000000,29.71684449,25.88000000
2025-12-22,S005,P021,78,76.00000000,80.79467401,79.32000000
2025-12-22,S005,P024,45,48.00000000,47.91695428,40.99000000
2025-12-22,S005,P025,43,55.00000000,48.69626846,40.55000000
2025-12-22,S005,P026,68,98.00000000,87.83244753,75.01000000
2025-12-22,S005,P028,70,76.00000000,77.64745470,76.50000000
2025-12-22,S005,P029,27,34.00000000,32.18548769,23.75000000
2025-12-22,S005,P030,47,56.00000000,54.31048822,46.89000000
2025-12-22,S006,P001,41,47.00000000,45.49678569,37.75000000
2025-12-22,S006,P002,21,18.00000000,25.82307461,23.15000000
2025-12-22,S006,P003,39,32.00000000,37.20117737,34.98000000
2025-12-22,S006,P004,55,48.00000000,57.40094712,53.92000000
2025-12-22,S006,P005,52,56.00000000,53.41389035,44.58000000
2025-12-22,S006,P006,33,31.00000000,35.07363036,31.56000000
2025-12-22,S006,P007,23,26.00000000,28.76464643,22.51000000
2025-12-22,S006,P008,34,31.00000000,39.04208792,32.13000000
2025-12-22,S006,P009,37,25.00000000,29.64027368,26.47000000
2025-12-22,S006,P010,21,29.00000000,30.56277950,23.82000000
2025-12-22,S006,P011,45,53.00000000,50.32350301,39.34000000
2025-12-22,S006,P014,32,28.00000000,33.25292038,26.79000000
2025-12-22,S006,P015,43,44.00000000,44.82048743,36.88000000
2025-12-22,S006,P016,55,63.00000000,62.02887415,50.02000000
2025-12-22,S006,P017,64,44.00000000,56.74428805,53.15000000
2025-12-22,S006,P019,39,36.00000000,37.50496173,30.33000000
2025-12-22,S006,P021,66,46.00000000,56.93211874,54.27000000
2025-12-22,S006,P022,60,63.00000000,64.11204884,56.40000000
2025-12-22,S006,P024,36,25.00000000,34.16469222,27.14000000
2025-12-22,S006,P025,33,24.00000000,34.37172311,31.99000000
2025-12-22,S006,P026,69,56.00000000,58.49297172,55.44000000
2025-12-22,S006,P027,30,42.00000000,49.42942178,43.23000000
2025-12-22,S006,P029,18,23.00000000,23.33073370,18.00000000
2025-12-22,S006,P030,38,37.00000000,40.76128019,33.28000000
2025-12-22,S007,P001,32,40.00000000,39.65229007,31.07000000
2025-12-22,S007,P002,22,21.00000000,22.98585498,18.36000000
2025-12-22,S007,P003,32,35.00000000,34.51005009,27.05000000
2025-12-22,S007,P005,47,48.00000000,44.14246379,36.41000000
2025-12-22,S007,P008,26,23.00000000,31.82973763,26.29000000
2025-12-22,S007,P009,21,19.00000000,23.51190706,19.85000000
2025-12-22,S007,P010,22,22.00000000,27.03908911,21.62000000
2025-12-22,S007,P014,27,30.00000000,30.04304416,24.89000000
2025-12-22,S007,P015,34,28.00000000,33.91581514,28.58000000
2025-12-22,S007,P016,51,52.00000000,50.68550611,45.97000000
2025-12-22,S007,P018,51,60.00000000,54.49239074,47.60000000
2025-12-22,S007,P021,55,47.00000000,51.22337954,46.13000000
2025-12-22,S007,P022,59,44.00000000,51.58637437,48.65000000
2025-12-22,S007,P024,29,23.00000000,29.47783423,25.55000000
2025-12-22,S007,P028,48,50.00000000,50.66598076,48.77000000
2025-12-22,S008,P002,14,11.00000000,16.17611428,12.56000000
2025-12-22,S008,P003,18,21.00000000,23.66777114,19.65000000
2025-12-22,S008,P005,30,25.00000000,30.35866934,25.12000000
2025-12-22,S008,P006,23,19.00000000,22.59961729,17.70000000
2025-12-22,S008,P007,13,16.00000000,16.81682491,13.72000000
2025-12-22,S008,P011,20,32.00000000,28.68640591,24.19000000
2025-12-22,S008,P012,10,9.00000000,12.94744911,10.15000000
2025-12-22,S008,P013,17,16.00000000,18.88905193,14.92000000
2025-12-22,S008,P014,19,16.00000000,20.52137095,15.88000000
2025-12-22,S008,P016,44,36.00000000,33.65839135,27.05000000
2025-12-22,S008,P018,22,31.00000000,34.02657050,29.31000000
2025-12-22,S008,P019,18,20.00000000,23.75773737,20.99000000
2025-12-22,S008,P020,12,12.00000000,14.89455649,9.80000000
2025-12-22,S008,P021,33,32.00000000,33.94799684,25.35000000
2025-12-22,S008,P023,26,17.00000000,25.44960121,24.43000000
2025-12-22,S008,P024,21,18.00000000,20.22193143,14.63000000
2025-12-22,S008,P025,22,22.00000000,22.19926387,14.52000000
2025-12-22,S008,P026,42,26.00000000,37.74560687,34.22000000
2025-12-22,S008,P027,23,21.00000000,26.55756084,25.00000000
2025-12-22,S008,P028,28,23.00000000,31.30066357,28.25000000
2025-12-22,S008,P030,18,24.00000000,24.11858327,18.59000000
2025-12-22,S009,P001,67,69.00000000,70.39207418,57.68000000
2025-12-22,S009,P003,56,64.00000000,62.55651629,52.79000000
2025-12-22,S009,P004,74,68.00000000,80.22067698,74.34000000
2025-12-22,S009,P005,97,94.00000000,90.38412748,77.08000000
2025-12-22,S009,P006,60,51.00000000,53.24882070,47.82000000
2025-12-22,S009,P007,36,36.00000000,41.09531440,35.88000000
2025-12-22,S009,P010,37,44.00000000,46.89508122,40.04000000
2025-12-22,S009,P011,77,50.00000000,70.37208288,63.20000000
2025-12-22,S009,P012,29,25.00000000,30.43556375,26.03000000
2025-12-22,S009,P013,46,52.00000000,47.81192083,42.36000000
2025-12-22,S009,P014,47,43.00000000,49.02143207,43.65000000
2025-12-22,S009,P016,89,110.00000000,96.93798693,70.55000000
2025-12-22,S009,P017,88,82.00000000,88.36180895,79.71000000
2025-12-22,S009,P019,58,55.00000000,61.59781174,51.56000000
2025-12-22,S009,P021,72,106.00000000,93.04352428,82.20000000
2025-12-22,S009,P022,100,97.00000000,97.91734368,86.13000000
2025-12-22,S009,P023,91,76.00000000,71.83942776,60.17000000
2025-12-22,S009,P024,48,45.00000000,51.98555129,47.53000000
2025-12-22,S009,P025,53,35.00000000,50.32585075,49.40000000
2025-12-22,S009,P026,102,112.00000000,101.21301974,84.18000000
2025-12-22,S009,P027,78,50.00000000,66.71921973,59.80000000
2025-12-22,S009,P029,25,26.00000000,30.35722942,28.30000000
2025-12-22,S010,P005,54,37.00000000,47.87047510,43.48000000
2025-12-22,S010,P006,32,23.00000000,31.88642458,24.22000000
2025-12-22,S010,P008,41,30.00000000,36.48996890,30.79000000
2025-12-22,S010,P009,24,29.00000000,28.83549406,22.48000000
2025-12-22,S010,P011,50,36.00000000,41.44500286,37.19000000
2025-12-22,S010,P012,16,18.00000000,20.19565578,14.84000000
2025-12-22,S010,P013,30,25.00000000,29.51276052,25.31000000
2025-12-22,S010,P014,27,27.00000000,31.98655054,26.69000000
2025-12-22,S010,P017,68,59.00000000,56.28706017,44.78000000
2025-12-22,S010,P018,50,50.00000000,56.70784873,53.98000000
2025-12-22,S010,P019,38,44.00000000,38.85557616,33.10000000
2025-12-22,S010,P022,63,69.00000000,60.02161968,50.70000000
2025-12-22,S010,P023,39,36.00000000,42.41679390,37.24000000
2025-12-22,S010,P024,24,29.00000000,33.17089796,24.90000000
2025-12-22,S010,P025,32,29.00000000,33.45820052,29.02000000
2025-12-22,S010,P026,63,49.00000000,56.83904134,53.78000000
2025-12-22,S010,P027,41,39.00000000,42.26533365,36.24000000
2025-12-22,S010,P028,40,52.00000000,54.90810824,51.53000000
2025-12-22,S010,P030,35,33.00000000,34.05060875,28.80000000
2025-12-22,S011,P001,40,36.00000000,42.74791118,38.03000000
2025-12-22,S011,P003,32,29.00000000,33.79781239,29.38000000
2025-12-22,S011,P004,57,48.00000000,51.91192950,45.50000000
2025-12-22,S011,P007,27,21.00000000,25.09855921,21.36000000
2025-12-22,S011,P008,34,39.00000000,37.51943203,25.70000000
2025-12-22,S011,P009,21,19.00000000,25.05149918,22.30000000
2025-12-22,S011,P010,27,21.00000000,26.71097774,23.98000000
2025-12-22,S011,P012,13,15.00000000,18.58809798,14.85000000
2025-12-22,S011,P013,23,30.00000000,29.22378292,22.33000000
2025-12-22,S011,P014,36,30.00000000,29.76618211,24.76000000
2025-12-22,S011,P015,39,37.00000000,38.68585892,33.16000000
2025-12-22,S011,P016,60,59.00000000,53.25473096,43.02000000
2025-12-22,S011,P017,54,47.00000000,52.81264103,50.41000000
2025-12-22,S011,P018,46,72.00000000,56.90767059,45.99000000
2025-12-22,S011,P019,25,37.00000000,36.04164090,27.48000000
2025-12-22,S011,P020,17,21.00000000,20.75939960,15.31000000
2025-12-22,S011,P022,54,59.00000000,55.28335415,48.83000000
2025-12-22,S011,P023,35,50.00000000,42.85095281,39.94000000
2025-12-22,S011,P024,25,31.00000000,31.87182042,27.17000000
2025-12-22,S011,P026,61,57.00000000,57.30183902,44.93000000
2025-12-22,S011,P027,47,48.00000000,44.60539890,37.60000000
2025-12-22,S011,P028,58,38.00000000,48.24574580,46.27000000
2025-12-22,S011,P029,16,14.00000000,19.43938214,13.56000000
2025-12-22,S011,P030,27,42.00000000,36.60346226,27.20000000
2025-12-22,S012,P004,29,24.00000000,30.89223431,26.90000000
2025-12-22,S012,P005,25,21.00000000,27.79526893,20.18000000
2025-12-22,S012,P006,16,17.00000000,19.55027010,15.07000000
2025-12-22,S012,P007,15,12.00000000,16.20427418,10.84000000
2025-12-22,S012,P009,14,11.00000000,16.40680018,12.47000000
2025-12-22,S012,P010,13,12.00000000,16.99912470,12.37000000
2025-12-22,S012,P011,25,25.00000000,25.37963142,19.44000000
2025-12-22,S012,P014,16,14.00000000,18.36522982,13.39000000
2025-12-22,S012,P015,23,26.00000000,24.19117245,19.05000000
2025-12-22,S012,P017,27,28.00000000,29.95550159,25.93000000
2025-12-22,S012,P018,29,31.00000000,33.23053660,24.14000000
2025-12-22,S012,P020,11,8.00000000,12.67321303,10.26000000
2025-12-22,S012,P021,31,25.00000000,30.40433298,28.72000000
2025-12-22,S012,P022,35,29.00000000,33.68457641,25.94000000
2025-12-22,S012,P023,22,20.00000000,25.44636609,22.02000000
2025-12-22,S012,P025,17,18.00000000,19.81799576,15.25000000
2025-12-22,S012,P026,23,33.00000000,31.97431372,28.14000000
2025-12-22,S012,P028,28,29.00000000,31.87738201,25.23000000
2025-12-22,S012,P029,9,10.00000000,13.25772513,10.05000000
2025-12-22,S012,P030,21,22.00000000,22.45629039,16.93000000
2025-12-22,S013,P001,62,54.00000000,69.14585520,59.39000000
2025-12-22,S013,P002,40,33.00000000,36.48622127,30.79000000
2025-12-22,S013,P003,65,48.00000000,52.85124410,50.25000000
2025-12-22,S013,P004,67,93.00000000,84.04379159,74.67000000
2025-12-22,S013,P005,90,79.00000000,71.92575907,70.83000000
2025-12-22,S013,P006,52,38.00000000,46.39590496,41.87000000
2025-12-22,S013,P011,76,59.00000000,63.71915537,63.96000000
2025-12-22,S013,P012,26,23.00000000,27.80747773,22.05000000
2025-12-22,S013,P013,45,44.00000000,45.80598085,39.64000000
2025-12-22,S013,P014,49,43.00000000,45.08050918,37.08000000
2025-12-22,S013,P016,88,97.00000000,88.34838271,73.11000000
2025-12-22,S013,P017,94,83.00000000,82.71295096,74.13000000
2025-12-22,S013,P018,81,80.00000000,81.41973840,78.52000000
2025-12-22,S013,P019,51,51.00000000,53.07843954,53.72000000
2025-12-22,S013,P021,69,108.00000000,89.13859182,79.70000000
2025-12-22,S013,P023,59,57.00000000,66.82868385,62.45000000
2025-12-22,S013,P024,35,37.00000000,44.89633385,39.42000000
2025-12-22,S013,P027,81,63.00000000,61.42339685,64.61000000
2025-12-22,S013,P028,71,76.00000000,78.50286796,70.81000000
2025-12-22,S013,P029,27,26.00000000,28.55335652,23.23000000
2025-12-22,S014,P002,23,27.00000000,25.07575197,17.70000000
2025-12-22,S014,P005,48,38.00000000,46.47523111,39.51000000
2025-12-22,S014,P006,36,30.00000000,30.76425148,24.97000000
2025-12-22,S014,P007,25,23.00000000,27.29592939,23.59000000
2025-12-22,S014,P010,23,20.00000000,26.62450528,23.80000000
2025-12-22,S014,P012,15,20.00000000,20.25885525,15.19000000
2025-12-22,S014,P013,25,17.00000000,28.47416366,25.02000000
2025-12-22,S014,P014,28,27.00000000,30.55789259,25.04000000
2025-12-22,S014,P015,35,35.00000000,38.51203491,30.74000000
2025-12-22,S014,P020,19,17.00000000,20.88745484,16.06000000
2025-12-22,S014,P021,60,50.00000000,57.15314071,48.93000000
2025-12-22,S014,P022,67,52.00000000,57.21383548,52.21000000
2025-12-22,S014,P023,50,45.00000000,45.07820147,38.41000000
2025-12-22,S014,P025,27,26.00000000,32.64319142,24.69000000
2025-12-22,S014,P026,71,57.00000000,56.50728480,52.86000000
2025-12-22,S014,P027,45,38.00000000,43.00056217,37.02000000
2025-12-22,S014,P029,18,15.00000000,19.91971902,16.50000000
2025-12-22,S014,P030,34,38.00000000,38.23312645,31.61000000
2025-12-22,S015,P001,43,48.00000000,44.58712401,34.43000000
2025-12-22,S015,P003,36,36.00000000,36.94767678,28.54000000
2025-12-22,S015,P004,45,56.00000000,56.64080322,48.41000000
2025-12-22,S015,P007,25,25.00000000,28.16781435,22.21000000
2025-12-22,S015,P008,33,31.00000000,35.64112448,28.52000000
2025-12-22,S015,P009,28,15.00000000,26.07726805,23.23000000
2025-12-22,S015,P010,25,26.00000000,29.14305295,26.00000000
2025-12-22,S015,P012,24,17.00000000,20.26866575,16.15000000
2025-12-22,S015,P013,33,25.00000000,29.52282910,24.51000000
2025-12-22,S015,P014,27,37.00000000,33.33448801,24.69000000
2025-12-22,S015,P017,45,49.00000000,56.57112943,53.56000000
2025-12-22,S015,P018,38,53.00000000,55.54936095,53.55000000
2025-12-22,S015,P019,37,21.00000000,34.98662031,32.00000000
2025-12-22,S015,P020,16,17.00000000,21.38855467,15.45000000
2025-12-22,S015,P021,53,52.00000000,56.71242602,53.24000000
2025-12-22,S015,P022,48,55.00000000,59.12802420,53.05000000
2025-12-22,S015,P024,26,37.00000000,34.14710892,26.38000000
2025-12-22,S015,P025,35,25.00000000,33.86074037,27.24000000
2025-12-22,S015,P027,37,46.00000000,45.57749747,36.76000000
2025-12-22,S015,P028,54,56.00000000,55.51164919,44.17000000
2025-12-22,S015,P029,18,17.00000000,21.39543968,16.91000000
2025-12-22,S015,P030,40,28.00000000,35.83256277,32.01000000
2025-12-22,S016,P001,22,23.00000000,25.63326670,21.52000000
2025-12-22,S016,P002,14,15.00000000,16.84291489,10.47000000
2025-12-22,S016,P003,17,21.00000000,22.72920305,15.73000000
2025-12-22,S016,P004,28,26.00000000,30.70210869,25.98000000
2025-12-22,S016,P006,13,18.00000000,21.40864619,14.96000000
2025-12-22,S016,P007,18,14.00000000,17.66541603,12.87000000
2025-12-22,S016,P008,17,21.00000000,22.47142736,16.54000000
2025-12-22,S016,P009,10,13.00000000,16.88325740,12.21000000
2025-12-22,S016,P010,11,12.00000000,17.86975120,13.20000000
2025-12-22,S016,P011,26,23.00000000,27.48088135,22.40000000
2025-12-22,S016,P015,21,17.00000000,22.07260361,19.33000000
2025-12-22,S016,P017,27,31.00000000,30.67954198,24.67000000
2025-12-22,S016,P018,34,33.00000000,34.33347405,28.28000000
2025-12-22,S016,P020,9,10.00000000,13.80131037,9.71000000
2025-12-22,S016,P023,24,27.00000000,27.13258604,22.62000000
2025-12-22,S016,P024,18,17.00000000,19.89144795,15.52000000
2025-12-22,S016,P026,34,34.00000000,33.99905992,27.69000000
2025-12-22,S016,P030,16,21.00000000,21.59316935,15.52000000
2025-12-29,S001,P001,70,58.00000000,42.20065048,63.16000000
2025-12-29,S001,P002,36,34.00000000,13.52942883,30.56000000
2025-12-29,S001,P005,96,93.00000000,55.71933955,69.56000000
2025-12-29,S001,P006,48,62.00000000,27.97326227,36.53000000
2025-12-29,S001,P007,38,45.00000000,17.35971791,37.72000000
2025-12-29,S001,P008,58,64.00000000,30.91074909,52.33000000
2025-12-29,S001,P009,33,44.00000000,19.33370799,37.05000000
2025-12-29,S001,P011,59,90.00000000,50.83683846,64.83000000
2025-12-29,S001,P012,25,32.00000000,5.00570244,23.74000000
2025-12-29,S001,P013,46,43.00000000,20.20808423,37.36000000
2025-12-29,S001,P014,57,49.00000000,23.00598799,39.05000000
2025-12-29,S001,P015,45,54.00000000,34.11662976,56.23000000
2025-12-29,S001,P016,102,94.00000000,63.11786986,71.60000000
2025-12-29,S001,P018,111,119.00000000,68.83826048,97.18000000
2025-12-29,S001,P019,46,51.00000000,29.57818314,53.30000000
2025-12-29,S001,P020,33,29.00000000,6.74730595,27.48000000
2025-12-29,S001,P022,86,95.00000000,69.33591731,83.06000000
2025-12-29,S001,P023,56,64.00000000,46.16976213,59.38000000
2025-12-29,S001,P025,46,46.00000000,24.33965544,43.14000000
2025-12-29,S001,P027,67,61.00000000,41.46325217,60.79000000
2025-12-29,S001,P028,91,74.00000000,57.25821179,71.14000000
2025-12-29,S001,P029,29,25.00000000,4.82215024,26.55000000
2025-12-29,S002,P001,50,51.00000000,21.32319291,39.66000000
2025-12-29,S002,P002,26,27.00000000,2.29683280,20.13000000
2025-12-29,S002,P003,31,33.00000000,12.73306598,30.67000000
2025-12-29,S002,P004,55,58.00000000,32.28349939,52.50000000
2025-12-29,S002,P006,40,34.00000000,10.58050711,30.23000000
2025-12-29,S002,P008,42,32.00000000,10.98599598,31.08000000
2025-12-29,S002,P010,33,25.00000000,4.99621415,27.60000000
2025-12-29,S002,P011,48,56.00000000,22.06551564,42.16000000
2025-12-29,S002,P012,19,19.00000000,-4.55620000,17.30000000
2025-12-29,S002,P013,28,31.00000000,7.52277058,26.71000000
2025-12-29,S002,P015,46,35.00000000,15.50317368,35.77000000
2025-12-29,S002,P016,49,60.00000000,35.37163590,56.19000000
2025-12-29,S002,P017,60,52.00000000,32.90044300,51.50000000
2025-12-29,S002,P019,42,32.00000000,11.70913852,34.49000000
2025-12-29,S002,P020,22,19.00000000,-3.38043559,16.21000000
2025-12-29,S002,P021,53,60.00000000,35.97160380,51.89000000
2025-12-29,S002,P022,56,52.00000000,35.47608234,54.07000000
2025-12-29,S002,P023,42,60.00000000,25.36070445,41.57000000
2025-12-29,S002,P026,81,62.00000000,36.25815396,53.34000000
2025-12-29,S002,P027,42,35.00000000,19.05311143,42.46000000
2025-12-29,S002,P029,20,21.00000000,-2.85342458,15.56000000
2025-12-29,S002,P030,44,29.00000000,11.71339067,29.77000000
2025-12-29,S003,P001,47,43.00000000,20.90232900,42.67000000
2025-12-29,S003,P002,19,32.00000000,2.02199446,21.66000000
2025-12-29,S003,P004,56,50.00000000,30.34926206,48.27000000
2025-12-29,S003,P007,30,26.00000000,4.79037465,21.63000000
2025-12-29,S003,P008,41,39.00000000,13.05269028,32.16000000
2025-12-29,S003,P009,23,31.00000000,4.52780263,23.66000000
2025-12-29,S003,P010,35,31.00000000,4.94143496,24.70000000
2025-12-29,S003,P012,19,19.00000000,-5.06781330,16.00000000
2025-12-29,S003,P015,46,29.00000000,14.92283211,37.35000000
2025-12-29,S003,P016,57,59.00000000,36.31426603,53.02000000
2025-12-29,S003,P017,59,56.00000000,30.76736116,53.66000000
2025-12-29,S003,P019,47,42.00000000,15.78701667,32.37000000
2025-12-29,S003,P020,17,19.00000000,-2.93652455,17.43000000
2025-12-29,S003,P021,57,51.00000000,31.00284339,56.63000000
2025-12-29,S003,P022,77,65.00000000,32.34959902,56.20000000
2025-12-29,S003,P025,34,39.00000000,12.19220265,29.75000000
2025-12-29,S003,P026,70,71.00000000,36.71732198,49.39000000
2025-12-29,S003,P028,58,58.00000000,31.13326414,51.53000000
2025-12-29,S004,P001,24,20.00000000,-1.51080220,17.53000000
2025-12-29,S004,P002,11,9.00000000,-11.14413733,9.43000000
2025-12-29,S004,P003,16,16.00000000,-4.48657860,16.96000000
2025-12-29,S004,P004,34,25.00000000,4.47165564,22.28000000
2025-12-29,S004,P005,27,22.00000000,0.75301655,20.59000000
2025-12-29,S004,P007,14,13.00000000,-9.30645713,11.61000000
2025-12-29,S004,P008,18,18.00000000,-4.38645741,15.38000000
2025-12-29,S004,P009,15,15.00000000,-8.84088262,13.07000000
2025-12-29,S004,P011,21,27.00000000,-0.27493608,15.81000000
2025-12-29,S004,P012,7,10.00000000,-13.17443978,7.21000000
2025-12-29,S004,P013,12,12.00000000,-8.53407023,12.75000000
2025-12-29,S004,P015,21,22.00000000,-2.82363907,15.84000000
2025-12-29,S004,P016,31,20.00000000,5.81569386,27.02000000
2025-12-29,S004,P018,31,30.00000000,4.99379793,27.03000000
2025-12-29,S004,P019,17,18.00000000,-4.38971395,16.41000000
2025-12-29,S004,P020,12,11.00000000,-12.42988441,7.20000000
2025-12-29,S004,P023,23,20.00000000,-0.41837766,20.31000000
2025-12-29,S004,P024,16,16.00000000,-7.26906525,14.13000000
2025-12-29,S004,P025,17,14.00000000,-7.21376934,14.45000000
2025-12-29,S004,P027,23,21.00000000,-0.26921234,18.10000000
2025-12-29,S004,P028,30,28.00000000,3.85156133,24.58000000
2025-12-29,S004,P029,8,7.00000000,-13.02585614,8.29000000
2025-12-29,S004,P030,17,19.00000000,-4.63678783,16.23000000
2025-12-29,S005,P002,37,27.00000000,8.13859520,30.39000000
2025-12-29,S005,P003,68,46.00000000,27.01985378,53.71000000
2025-12-29,S005,P004,82,76.00000000,58.78638235,76.62000000
2025-12-29,S005,P005,81,93.00000000,53.26690071,69.55000000
2025-12-29,S005,P006,43,42.00000000,21.99531437,41.76000000
2025-12-29,S005,P008,49,58.00000000,29.81998828,51.77000000
2025-12-29,S005,P009,47,39.00000000,16.50264420,35.78000000
2025-12-29,S005,P010,40,47.00000000,18.15677361,37.63000000
2025-12-29,S005,P011,82,57.00000000,37.17205381,58.48000000
2025-12-29,S005,P013,42,43.00000000,17.72872729,35.90000000
2025-12-29,S005,P015,55,60.00000000,33.47604512,53.63000000
2025-12-29,S005,P016,93,82.00000000,57.42386433,77.21000000
2025-12-29,S005,P017,90,60.00000000,49.98858007,74.58000000
2025-12-29,S005,P018,76,73.00000000,54.64078580,78.24000000
2025-12-29,S005,P020,27,24.00000000,4.13954122,27.05000000
2025-12-29,S005,P021,82,78.00000000,52.04081622,75.41000000
2025-12-29,S005,P024,48,45.00000000,21.14396469,43.83000000
2025-12-29,S005,P025,52,43.00000000,19.56707416,40.65000000
2025-12-29,S005,P026,108,68.00000000,55.53077409,72.83000000
2025-12-29,S005,P028,71,70.00000000,50.90499290,72.35000000
2025-12-29,S005,P029,29,27.00000000,4.89711419,25.24000000
2025-12-29,S005,P030,58,47.00000000,26.12327256,51.83000000
2025-12-29,S006,P001,52,41.00000000,18.11807405,43.79000000
2025-12-29,S006,P002,26,21.00000000,0.74506677,20.26000000
2025-12-29,S006,P003,26,39.00000000,12.69411929,31.02000000
2025-12-29,S006,P004,65,55.00000000,33.33267861,53.06000000
2025-12-29,S006,P005,51,52.00000000,26.70390978,41.77000000
2025-12-29,S006,P006,35,33.00000000,10.07677118,31.20000000
2025-12-29,S006,P007,28,23.00000000,2.15527757,20.12000000
2025-12-29,S006,P008,38,34.00000000,13.72576534,31.58000000
2025-12-29,S006,P009,29,37.00000000,5.74839709,23.60000000
2025-12-29,S006,P010,25,21.00000000,3.10710372,24.96000000
2025-12-29,S006,P011,46,45.00000000,22.35132911,44.98000000
2025-12-29,S006,P014,33,32.00000000,7.98971205,27.58000000
2025-12-29,S006,P015,39,43.00000000,17.90642232,32.11000000
2025-12-29,S006,P016,49,55.00000000,33.70670483,52.85000000
2025-12-29,S006,P017,62,64.00000000,34.73966917,50.47000000
2025-12-29,S006,P019,34,39.00000000,12.01294697,31.83000000
2025-12-29,S006,P021,60,66.00000000,35.35665772,52.17000000
2025-12-29,S006,P022,75,60.00000000,37.24646494,52.96000000
2025-12-29,S006,P024,30,36.00000000,11.20631856,29.86000000
2025-12-29,S006,P025,35,33.00000000,10.42276889,29.38000000
2025-12-29,S006,P026,77,69.00000000,36.18017209,51.45000000
2025-12-29,S006,P027,49,30.00000000,21.07382241,43.44000000
2025-12-29,S006,P029,20,18.00000000,-3.59886382,17.87000000
2025-12-29,S006,P030,31,38.00000000,14.99670861,32.03000000
2025-12-29,S007,P001,31,32.00000000,11.88896634,32.08000000
2025-12-29,S007,P002,24,22.00000000,-2.88070061,16.51000000
2025-12-29,S007,P003,26,32.00000000,7.79957632,27.37000000
2025-12-29,S007,P005,48,47.00000000,17.85362789,38.37000000
2025-12-29,S007,P008,35,26.00000000,6.70443254,28.20000000
2025-12-29,S007,P009,22,21.00000000,-1.87637680,14.73000000
2025-12-29,S007,P010,18,22.00000000,1.37756688,20.62000000
2025-12-29,S007,P014,26,27.00000000,3.22645074,23.59000000
2025-12-29,S007,P015,26,34.00000000,9.22260773,29.53000000
2025-12-29,S007,P016,27,51.00000000,23.89244642,35.33000000
2025-12-29,S007,P018,48,51.00000000,26.18891922,42.25000000
2025-12-29,S007,P021,45,55.00000000,25.74772531,44.17000000
2025-12-29,S007,P022,57,59.00000000,28.91927409,43.96000000
2025-12-29,S007,P024,25,29.00000000,5.16191225,24.26000000
2025-12-29,S007,P028,46,48.00000000,23.76017028,45.57000000
2025-12-29,S008,P002,15,14.00000000,-8.81730268,12.33000000
2025-12-29,S008,P003,21,18.00000000,-2.45025683,19.63000000
2025-12-29,S008,P005,36,30.00000000,5.24719866,25.02000000
2025-12-29,S008,P006,19,23.00000000,-2.54889582,14.80000000
2025-12-29,S008,P007,14,13.00000000,-9.41732633,11.80000000
2025-12-29,S008,P011,27,20.00000000,0.31059642,21.16000000
2025-12-29,S008,P012,9,10.00000000,-12.62641194,7.42000000
2025-12-29,S008,P013,20,17.00000000,-6.47189094,14.40000000
2025-12-29,S008,P014,20,19.00000000,-4.52910754,15.47000000
2025-12-29,S008,P016,25,44.00000000,9.25957383,30.43000000
2025-12-29,S008,P018,35,22.00000000,6.61881776,29.63000000
2025-12-29,S008,P019,23,18.00000000,-2.24177858,17.64000000
2025-12-29,S008,P020,10,12.00000000,-10.80988803,11.15000000
2025-12-29,S008,P021,29,33.00000000,7.95843564,27.92000000
2025-12-29,S008,P023,30,26.00000000,2.22874198,21.69000000
2025-12-29,S008,P024,13,21.00000000,-4.86489397,14.40000000
2025-12-29,S008,P025,19,22.00000000,-3.68568734,16.63000000
2025-12-29,S008,P026,31,42.00000000,15.07188022,32.95000000
2025-12-29,S008,P027,24,23.00000000,1.39884178,20.64000000
2025-12-29,S008,P028,30,28.00000000,6.99306385,25.58000000
2025-12-29,S008,P030,19,18.00000000,-2.72786539,19.08000000
2025-12-29,S009,P001,62,67.00000000,42.93355394,63.73000000
2025-12-29,S009,P003,62,56.00000000,34.33613076,54.22000000
2025-12-29,S009,P004,97,74.00000000,56.83539263,76.87000000
2025-12-29,S009,P005,76,97.00000000,63.44574934,64.64000000
2025-12-29,S009,P006,44,60.00000000,29.48819957,51.79000000
2025-12-29,S009,P007,49,36.00000000,15.62562379,32.23000000
2025-12-29,S009,P010,38,37.00000000,20.19766051,39.65000000
2025-12-29,S009,P011,82,77.00000000,49.90670984,68.27000000
2025-12-29,S009,P012,33,29.00000000,5.35380884,25.28000000
2025-12-29,S009,P013,49,46.00000000,19.82642658,42.03000000
2025-12-29,S009,P014,48,47.00000000,23.12041592,42.43000000
2025-12-29,S009,P016,91,89.00000000,64.74558217,78.45000000
2025-12-29,S009,P017,103,88.00000000,65.61795822,77.80000000
2025-12-29,S009,P019,46,58.00000000,35.88568950,52.08000000
2025-12-29,S009,P021,99,72.00000000,59.30176759,84.66000000
2025-12-29,S009,P022,111,100.00000000,71.56395954,86.13000000
2025-12-29,S009,P023,72,91.00000000,46.60367188,64.32000000
2025-12-29,S009,P024,62,48.00000000,27.63539910,46.09000000
2025-12-29,S009,P025,43,53.00000000,28.71438679,46.95000000
2025-12-29,S009,P026,79,102.00000000,74.81237928,97.66000000
2025-12-29,S009,P027,57,78.00000000,46.36954438,62.36000000
2025-12-29,S009,P029,27,25.00000000,5.34590527,24.41000000
2025-12-29,S010,P005,39,54.00000000,25.68607727,42.26000000
2025-12-29,S010,P006,29,32.00000000,7.88854484,30.21000000
2025-12-29,S010,P008,43,41.00000000,12.78166453,31.03000000
2025-12-29,S010,P009,24,24.00000000,1.58729826,23.06000000
2025-12-29,S010,P011,30,50.00000000,18.62823274,38.43000000
2025-12-29,S010,P012,19,16.00000000,-6.18965620,14.34000000
2025-12-29,S010,P013,25,30.00000000,4.58335718,21.91000000
2025-12-29,S010,P014,28,27.00000000,6.47844521,26.31000000
2025-12-29,S010,P017,58,68.00000000,31.73365368,53.32000000
2025-12-29,S010,P018,56,50.00000000,30.12508124,51.46000000
2025-12-29,S010,P019,40,38.00000000,11.23634937,35.66000000
2025-12-29,S010,P022,61,63.00000000,32.92739894,50.59000000
2025-12-29,S010,P023,47,39.00000000,17.83613019,38.74000000
2025-12-29,S010,P024,20,24.00000000,6.24774323,24.74000000
2025-12-29,S010,P025,28,32.00000000,8.58592157,25.77000000
2025-12-29,S010,P026,61,63.00000000,33.64606511,51.78000000
2025-12-29,S010,P027,54,41.00000000,16.75736568,36.45000000
2025-12-29,S010,P028,60,40.00000000,25.99420957,54.83000000
2025-12-29,S010,P030,32,35.00000000,8.75142333,28.92000000
2025-12-29,S011,P001,24,40.00000000,17.55722229,35.93000000
2025-12-29,S011,P003,25,32.00000000,9.49977198,31.81000000
2025-12-29,S011,P004,58,57.00000000,27.82552346,44.32000000
2025-12-29,S011,P007,26,27.00000000,0.48475359,18.65000000
2025-12-29,S011,P008,30,34.00000000,10.31215832,29.63000000
2025-12-29,S011,P009,29,21.00000000,-0.26189046,18.69000000
2025-12-29,S011,P010,16,27.00000000,2.09110391,20.36000000
2025-12-29,S011,P012,19,13.00000000,-7.37225674,14.60000000
2025-12-29,S011,P013,24,23.00000000,2.26777238,19.64000000
2025-12-29,S011,P014,24,36.00000000,4.92857292,24.10000000
2025-12-29,S011,P015,41,39.00000000,12.96884057,34.24000000
2025-12-29,S011,P016,49,60.00000000,27.82628338,43.68000000
2025-12-29,S011,P017,56,54.00000000,28.99438411,45.47000000
2025-12-29,S011,P018,56,46.00000000,24.96976412,47.03000000
2025-12-29,S011,P019,33,25.00000000,7.87800308,29.67000000
2025-12-29,S011,P020,18,17.00000000,-6.01503203,14.68000000
2025-12-29,S011,P022,66,54.00000000,28.96084620,49.78000000
2025-12-29,S011,P023,44,35.00000000,14.30031414,35.93000000
2025-12-29,S011,P024,27,25.00000000,5.18597795,27.00000000
2025-12-29,S011,P026,48,61.00000000,30.69500050,47.73000000
2025-12-29,S011,P027,43,47.00000000,17.79375736,37.34000000
2025-12-29,S011,P028,43,58.00000000,26.99413713,43.19000000
2025-12-29,S011,P029,17,16.00000000,-5.71370826,13.52000000
2025-12-29,S011,P030,30,27.00000000,7.43122019,24.47000000
2025-12-29,S012,P004,26,29.00000000,6.03809978,27.63000000
2025-12-29,S012,P005,26,25.00000000,2.73409606,20.12000000
2025-12-29,S012,P006,16,16.00000000,-6.57819894,14.05000000
2025-12-29,S012,P007,14,15.00000000,-8.80246790,12.61000000
2025-12-29,S012,P009,12,14.00000000,-8.67358244,11.78000000
2025-12-29,S012,P010,13,13.00000000,-8.08820999,12.26000000
2025-12-29,S012,P011,23,25.00000000,-0.60448948,17.67000000
2025-12-29,S012,P014,15,16.00000000,-6.79274272,14.93000000
2025-12-29,S012,P015,23,23.00000000,-2.34211613,16.46000000
2025-12-29,S012,P017,26,27.00000000,3.85005434,23.61000000
2025-12-29,S012,P018,27,29.00000000,6.77765228,25.56000000
2025-12-29,S012,P020,9,11.00000000,-12.44039521,7.52000000
2025-12-29,S012,P021,27,31.00000000,6.43691342,26.62000000
2025-12-29,S012,P022,26,35.00000000,8.75017231,27.65000000
2025-12-29,S012,P023,22,22.00000000,-0.02369432,18.81000000
2025-12-29,S012,P025,19,17.00000000,-5.70050175,13.67000000
2025-12-29,S012,P026,28,23.00000000,4.50755023,25.75000000
2025-12-29,S012,P028,22,28.00000000,5.55827007,25.89000000
2025-12-29,S012,P029,14,9.00000000,-12.61534299,7.81000000
2025-12-29,S012,P030,16,21.00000000,-3.66122830,16.33000000
2025-12-29,S013,P001,71,62.00000000,44.09133222,64.36000000
2025-12-29,S013,P002,39,40.00000000,12.20872800,31.34000000
2025-12-29,S013,P003,60,65.00000000,30.88891483,49.18000000
2025-12-29,S013,P004,84,67.00000000,52.11446336,73.29000000
2025-12-29,S013,P005,90,90.00000000,47.92526733,64.79000000
2025-12-29,S013,P006,44,52.00000000,22.99462485,42.22000000
2025-12-29,S013,P011,56,76.00000000,42.39012636,61.64000000
2025-12-29,S013,P012,22,26.00000000,2.73197726,21.89000000
2025-12-29,S013,P013,26,45.00000000,19.62872366,37.69000000
2025-12-29,S013,P014,54,49.00000000,20.43547813,39.68000000
2025-12-29,S013,P016,70,88.00000000,59.74177081,77.08000000
2025-12-29,S013,P017,77,94.00000000,57.80917657,70.98000000
2025-12-29,S013,P018,95,81.00000000,53.75785429,70.70000000
2025-12-29,S013,P019,54,51.00000000,27.61068417,49.54000000
2025-12-29,S013,P021,81,69.00000000,54.36540454,72.78000000
2025-12-29,S013,P023,60,59.00000000,41.55465566,62.00000000
2025-12-29,S013,P024,48,35.00000000,19.17893670,41.30000000
2025-12-29,S013,P027,64,81.00000000,39.41908015,59.98000000
2025-12-29,S013,P028,80,71.00000000,52.70275462,70.18000000
2025-12-29,S013,P029,23,27.00000000,3.02886054,20.28000000
2025-12-29,S014,P002,20,23.00000000,-1.54031565,15.66000000
2025-12-29,S014,P005,51,48.00000000,22.50951165,43.03000000
2025-12-29,S014,P006,27,36.00000000,6.03306890,25.77000000
2025-12-29,S014,P007,24,25.00000000,2.09265978,23.46000000
2025-12-29,S014,P010,27,23.00000000,1.62908813,20.75000000
2025-12-29,S014,P012,17,15.00000000,-6.46877443,14.38000000
2025-12-29,S014,P013,28,25.00000000,4.73512495,22.95000000
2025-12-29,S014,P014,30,28.00000000,4.75415977,25.14000000
2025-12-29,S014,P015,40,35.00000000,12.73025643,32.00000000
2025-12-29,S014,P020,17,19.00000000,-4.34134392,15.81000000
2025-12-29,S014,P021,50,60.00000000,32.71340587,53.82000000
2025-12-29,S014,P022,53,67.00000000,34.76589595,50.51000000
2025-12-29,S014,P023,47,50.00000000,20.45349649,38.47000000
2025-12-29,S014,P025,31,27.00000000,6.74517106,24.86000000
2025-12-29,S014,P026,61,71.00000000,33.19209125,49.36000000
2025-12-29,S014,P027,36,45.00000000,18.57433392,37.91000000
2025-12-29,S014,P029,18,18.00000000,-5.26878343,16.30000000
2025-12-29,S014,P030,22,34.00000000,11.70778554,31.41000000
2025-12-29,S015,P001,35,43.00000000,17.61222943,35.84000000
2025-12-29,S015,P003,31,36.00000000,10.82753211,30.78000000
2025-12-29,S015,P004,51,45.00000000,28.72224387,54.19000000
2025-12-29,S015,P007,27,25.00000000,2.41356522,23.50000000
2025-12-29,S015,P008,38,33.00000000,9.85985529,28.41000000
2025-12-29,S015,P009,24,28.00000000,3.10319927,20.23000000
2025-12-29,S015,P010,26,25.00000000,3.54559321,22.43000000
2025-12-29,S015,P012,20,24.00000000,-4.15630881,16.15000000
2025-12-29,S015,P013,28,33.00000000,5.78497645,24.26000000
2025-12-29,S015,P014,20,27.00000000,5.10477564,25.47000000
2025-12-29,S015,P017,51,45.00000000,29.48298433,48.54000000
2025-12-29,S015,P018,61,38.00000000,27.33908867,53.02000000
2025-12-29,S015,P019,31,37.00000000,12.34266520,32.96000000
2025-12-29,S015,P020,19,16.00000000,-4.29474964,17.36000000
2025-12-29,S015,P021,61,53.00000000,30.38161934,52.54000000
2025-12-29,S015,P022,41,48.00000000,32.55442324,51.64000000
2025-12-29,S015,P024,34,26.00000000,5.79501673,27.39000000
2025-12-29,S015,P025,30,35.00000000,10.36540783,29.83000000
2025-12-29,S015,P027,45,37.00000000,17.06080081,37.14000000
2025-12-29,S015,P028,53,54.00000000,29.03893200,47.25000000
2025-12-29,S015,P029,18,18.00000000,-4.32007380,16.36000000
2025-12-29,S015,P030,43,40.00000000,12.44179134,30.34000000
2025-12-29,S016,P001,32,22.00000000,0.12402630,18.78000000
2025-12-29,S016,P002,12,14.00000000,-9.31345807,11.85000000
2025-12-29,S016,P003,20,17.00000000,-3.61294942,15.95000000
2025-12-29,S016,P004,32,28.00000000,4.52473289,22.65000000
2025-12-29,S016,P006,17,13.00000000,-5.54241247,17.04000000
2025-12-29,S016,P007,15,18.00000000,-7.23457850,14.59000000
2025-12-29,S016,P008,19,17.00000000,-4.07913574,16.60000000
2025-12-29,S016,P009,12,10.00000000,-9.46382820,11.96000000
2025-12-29,S016,P010,16,11.00000000,-8.07614332,13.12000000
2025-12-29,S016,P011,23,26.00000000,2.11844758,20.85000000
2025-12-29,S016,P015,22,21.00000000,-3.09218154,16.72000000
2025-12-29,S016,P017,33,27.00000000,3.83190937,24.85000000
2025-12-29,S016,P018,26,34.00000000,8.95513805,29.37000000
2025-12-29,S016,P020,10,9.00000000,-12.18269192,8.49000000
2025-12-29,S016,P023,29,24.00000000,0.81302978,20.06000000
2025-12-29,S016,P024,19,18.00000000,-5.66458042,14.20000000
2025-12-29,S016,P026,28,34.00000000,7.55851699,25.80000000
2025-12-29,S016,P030,18,16.00000000,-5.04830881,16.45000000
