forecast_date,inventory_week_start,store_id,store_name,region,product_id,product_name,category,supplier_id,supplier_name,supplier_lead_time_days,current_stock,forecast_demand,safety_stock,reorder_point,average_weekly_demand,projected_stock_after_forecast,weeks_of_supply,risk_status,risk_reason
2026-01-05,2025-12-29,S001,North Flagship 1,North,P001,Fresh Milk 1L,Perishables,SUP001,Perishables Supplier 1,13,42,66.56,28,170,62.5,-24.560000000000002,0.672,STOCKOUT_RISK,Forecast demand meets or exceeds current stock
2026-01-05,2025-12-29,S001,North Flagship 1,North,P002,Brown Bread,Perishables,SUP002,Perishables Supplier 2,21,227,33.82,15,121,35.75,193.18,6.34965034965035,NORMAL,Stock exceeds next-week forecast and reorder point; projected stock meets safety stock; supply is below the overstock threshold
2026-01-05,2025-12-29,S001,North Flagship 1,North,P005,Butter 100g,Perishables,SUP001,Perishables Supplier 1,13,316,75.59,32,195,79.75,240.41,3.9623824451410656,NORMAL,Stock exceeds next-week forecast and reorder point; projected stock meets safety stock; supply is below the overstock threshold
2026-01-05,2025-12-29,S001,North Flagship 1,North,P006,Fresh Eggs (12),Perishables,SUP002,Perishables Supplier 2,21,184,45.7,21,164,53.5,138.3,3.439252336448598,NORMAL,Stock exceeds next-week forecast and reorder point; projected stock meets safety stock; supply is below the overstock threshold
2026-01-05,2025-12-29,S001,North Flagship 1,North,P007,Instant Noodles Pack,Packaged Foods,SUP003,Packaged Supplier 1,10,85,35.07,16,66,39.0,49.93,2.1794871794871793,NORMAL,Stock exceeds next-week forecast and reorder point; projected stock meets safety stock; supply is below the overstock threshold
2026-01-05,2025-12-29,S001,North Flagship 1,North,P008,Breakfast Cereal,Packaged Foods,SUP004,Packaged Supplier 2,21,189,54.69,22,179,62.5,134.31,3.024,NORMAL,Stock exceeds next-week forecast and reorder point; projected stock meets safety stock; supply is below the overstock threshold
2026-01-05,2025-12-29,S001,North Flagship 1,North,P009,Biscuits Family Pack,Packaged Foods,SUP003,Packaged Supplier 1,10,50,42.59,17,68,38.75,7.409999999999997,1.2903225806451613,LOW_STOCK,Projected stock after next-week demand falls below safety stock; Current stock is at or below reorder point
2026-01-05,2025-12-29,S001,North Flagship 1,North,P011,Pasta 500g,Packaged Foods,SUP003,Packaged Supplier 1,10,68,60.17,29,116,76.0,7.829999999999998,0.8947368421052632,LOW_STOCK,Projected stock after next-week demand falls below safety stock; Current stock is at or below reorder point
2026-01-05,2025-12-29,S001,North Flagship 1,North,P012,Ketchup 500g,Packaged Foods,SUP004,Packaged Supplier 2,21,0,25.07,11,89,27.5,-25.07,0.0,STOCKOUT_RISK,Current stock is zero
2026-01-05,2025-12-29,S001,North Flagship 1,North,P013,Cola 2L,Beverages,SUP005,Beverages Supplier 1,19,375,35.14,18,143,43.0,339.86,8.720930232558139,OVERSTOCK,Inventory covers at least 8 weeks of recent average demand
2026-01-05,2025-12-29,S001,North Flagship 1,North,P014,Orange Juice 1L,Beverages,SUP006,Beverages Supplier 2,15,62,45.02,20,118,49.5,16.979999999999997,1.2525252525252526,LOW_STOCK,Projected stock after next-week demand falls below safety stock; Current stock is at or below reorder point
2026-01-05,2025-12-29,S001,North Flagship 1,North,P015,Mineral Water 1L,Beverages,SUP005,Beverages Supplier 1,19,68,53.01,26,205,51.0,14.990000000000002,1.3333333333333333,LOW_STOCK,Projected stock after next-week demand falls below safety stock; Current stock is at or below reorder point
2026-01-05,2025-12-29,S001,North Flagship 1,North,P016,Energy Drink Can,Beverages,SUP006,Beverages Supplier 2,15,526,74.61,37,223,94.5,451.39,5.5661375661375665,NORMAL,Stock exceeds next-week forecast and reorder point; projected stock meets safety stock; supply is below the overstock threshold
2026-01-05,2025-12-29,S001,North Flagship 1,North,P018,Green Tea Box,Beverages,SUP006,Beverages Supplier 2,15,49,94.33,37,221,100.0,-45.33,0.49,STOCKOUT_RISK,Forecast demand meets or exceeds current stock
2026-01-05,2025-12-29,S001,North Flagship 1,North,P019,Dish Soap 500ml,Household Essentials,SUP007,Household Supplier 1,6,189,52.32,24,95,55.0,136.68,3.4363636363636365,NORMAL,Stock exceeds next-week forecast and reorder point; projected stock meets safety stock; supply is below the overstock threshold
2026-01-05,2025-12-29,S001,North Flagship 1,North,P020,Laundry Detergent 1kg,Household Essentials,SUP008,Household Supplier 2,13,68,26.85,12,73,30.25,41.15,2.2479338842975207,LOW_STOCK,Current stock is at or below reorder point
2026-01-05,2025-12-29,S001,North Flagship 1,North,P022,Trash Bags (30 pack),Household Essentials,SUP008,Household Supplier 2,13,452,82.7,38,227,86.25,369.3,5.240579710144927,NORMAL,Stock exceeds next-week forecast and reorder point; projected stock meets safety stock; supply is below the overstock threshold
2026-01-05,2025-12-29,S001,North Flagship 1,North,P023,All-Purpose Cleaner,Household Essentials,SUP007,Household Supplier 1,6,163,64.85,29,117,64.25,98.15,2.536964980544747,NORMAL,Stock exceeds next-week forecast and reorder point; projected stock meets safety stock; supply is below the overstock threshold
2026-01-05,2025-12-29,S001,North Flagship 1,North,P025,Toothpaste 100g,Personal Care,SUP009,Personal Supplier 1,18,231,44.05,21,167,49.75,186.95,4.64321608040201,NORMAL,Stock exceeds next-week forecast and reorder point; projected stock meets safety stock; supply is below the overstock threshold
2026-01-05,2025-12-29,S001,North Flagship 1,North,P027,Hand Sanitizer 200ml,Personal Care,SUP009,Personal Supplier 1,18,356,64.12,29,228,62.5,291.88,5.696,NORMAL,Stock exceeds next-week forecast and reorder point; projected stock meets safety stock; supply is below the overstock threshold
2026-01-05,2025-12-29,S001,North Flagship 1,North,P028,Shaving Cream,Personal Care,SUP010,Personal Supplier 2,15,475,79.59,35,210,79.5,395.40999999999997,5.9748427672955975,NORMAL,Stock exceeds next-week forecast and reorder point; projected stock meets safety stock; supply is below the overstock threshold
2026-01-05,2025-12-29,S001,North Flagship 1,North,P029,Deodorant Spray,Personal Care,SUP009,Personal Supplier 1,18,113,27.1,12,95,29.0,85.9,3.896551724137931,NORMAL,Stock exceeds next-week forecast and reorder point; projected stock meets safety stock; supply is below the overstock threshold
2026-01-05,2025-12-29,S002,North Standard 2,North,P001,Fresh Milk 1L,Perishables,SUP001,Perishables Supplier 1,13,193,43.97,19,112,47.5,149.03,4.063157894736842,NORMAL,Stock exceeds next-week forecast and reorder point; projected stock meets safety stock; supply is below the overstock threshold
2026-01-05,2025-12-29,S002,North Standard 2,North,P002,Brown Bread,Perishables,SUP002,Perishables Supplier 2,21,262,22.32,10,79,25.5,239.68,10.27450980392157,OVERSTOCK,Inventory covers at least 8 weeks of recent average demand
2026-01-05,2025-12-29,S002,North Standard 2,North,P003,Paneer 200g,Perishables,SUP001,Perishables Supplier 1,13,112,33.48,15,92,33.25,78.52000000000001,3.3684210526315788,NORMAL,Stock exceeds next-week forecast and reorder point; projected stock meets safety stock; supply is below the overstock threshold
2026-01-05,2025-12-29,S002,North Standard 2,North,P004,Fresh Curd 500g,Perishables,SUP002,Perishables Supplier 2,21,394,54.99,23,184,56.0,339.01,7.035714285714286,NORMAL,Stock exceeds next-week forecast and reorder point; projected stock meets safety stock; supply is below the overstock threshold
2026-01-05,2025-12-29,S002,North Standard 2,North,P006,Fresh Eggs (12),Perishables,SUP002,Perishables Supplier 2,21,254,35.67,14,108,34.25,218.32999999999998,7.416058394160584,NORMAL,Stock exceeds next-week forecast and reorder point; projected stock meets safety stock; supply is below the overstock threshold
2026-01-05,2025-12-29,S002,North Standard 2,North,P008,Breakfast Cereal,Packaged Foods,SUP004,Packaged Supplier 2,21,454,35.86,15,118,35.0,418.14,12.971428571428572,OVERSTOCK,Inventory covers at least 8 weeks of recent average demand
2026-01-05,2025-12-29,S002,North Standard 2,North,P010,Frozen Peas 500g,Packaged Foods,SUP004,Packaged Supplier 2,21,101,28.33,12,93,29.75,72.67,3.3949579831932772,NORMAL,Stock exceeds next-week forecast and reorder point; projected stock meets safety stock; supply is below the overstock threshold
2026-01-05,2025-12-29,S002,North Standard 2,North,P011,Pasta 500g,Packaged Foods,SUP003,Packaged Supplier 1,10,95,45.61,19,76,47.5,49.39,2.0,NORMAL,Stock exceeds next-week forecast and reorder point; projected stock meets safety stock; supply is below the overstock threshold
2026-01-05,2025-12-29,S002,North Standard 2,North,P012,Ketchup 500g,Packaged Foods,SUP004,Packaged Supplier 2,21,246,17.27,7,59,18.75,228.73,13.12,OVERSTOCK,Inventory covers at least 8 weeks of recent average demand
2026-01-05,2025-12-29,S002,North Standard 2,North,P013,Cola 2L,Beverages,SUP005,Beverages Supplier 1,19,211,26.93,12,94,28.25,184.07,7.469026548672566,NORMAL,Stock exceeds next-week forecast and reorder point; projected stock meets safety stock; supply is below the overstock threshold
2026-01-05,2025-12-29,S002,North Standard 2,North,P015,Mineral Water 1L,Beverages,SUP005,Beverages Supplier 1,19,418,39.21,17,135,41.5,378.79,10.072289156626505,OVERSTOCK,Inventory covers at least 8 weeks of recent average demand
2026-01-05,2025-12-29,S002,North Standard 2,North,P016,Energy Drink Can,Beverages,SUP006,Beverages Supplier 2,15,173,52.36,24,147,53.25,120.64,3.248826291079812,NORMAL,Stock exceeds next-week forecast and reorder point; projected stock meets safety stock; supply is below the overstock threshold
2026-01-05,2025-12-29,S002,North Standard 2,North,P017,Instant Coffee 100g,Beverages,SUP005,Beverages Supplier 1,19,661,53.11,23,186,57.25,607.89,11.54585152838428,OVERSTOCK,Inventory covers at least 8 weeks of recent average demand
2026-01-05,2025-12-29,S002,North Standard 2,North,P019,Dish Soap 500ml,Household Essentials,SUP007,Household Supplier 1,6,88,38.32,16,62,36.5,49.68,2.410958904109589,NORMAL,Stock exceeds next-week forecast and reorder point; projected stock meets safety stock; supply is below the overstock threshold
2026-01-05,2025-12-29,S002,North Standard 2,North,P020,Laundry Detergent 1kg,Household Essentials,SUP008,Household Supplier 2,13,111,17.41,8,48,20.5,93.59,5.414634146341464,NORMAL,Stock exceeds next-week forecast and reorder point; projected stock meets safety stock; supply is below the overstock threshold
2026-01-05,2025-12-29,S002,North Standard 2,North,P021,Toilet Paper (6 pack),Household Essentials,SUP007,Household Supplier 1,6,128,50.82,24,97,55.25,77.18,2.316742081447964,NORMAL,Stock exceeds next-week forecast and reorder point; projected stock meets safety stock; supply is below the overstock threshold
2026-01-05,2025-12-29,S002,North Standard 2,North,P022,Trash Bags (30 pack),Household Essentials,SUP008,Household Supplier 2,13,245,56.44,25,149,58.5,188.56,4.188034188034188,NORMAL,Stock exceeds next-week forecast and reorder point; projected stock meets safety stock; supply is below the overstock threshold
2026-01-05,2025-12-29,S002,North Standard 2,North,P023,All-Purpose Cleaner,Household Essentials,SUP007,Household Supplier 1,6,42,44.68,19,77,45.75,-2.6799999999999997,0.9180327868852459,STOCKOUT_RISK,Forecast demand meets or exceeds current stock
2026-01-05,2025-12-29,S002,North Standard 2,North,P026,Body Wash 250ml,Personal Care,SUP010,Personal Supplier 2,15,146,63.32,25,152,69.25,82.68,2.108303249097473,LOW_STOCK,Current stock is at or below reorder point
2026-01-05,2025-12-29,S002,North Standard 2,North,P027,Hand Sanitizer 200ml,Personal Care,SUP009,Personal Supplier 1,18,185,44.32,19,150,44.25,140.68,4.1807909604519775,NORMAL,Stock exceeds next-week forecast and reorder point; projected stock meets safety stock; supply is below the overstock threshold
2026-01-05,2025-12-29,S002,North Standard 2,North,P029,Deodorant Spray,Personal Care,SUP009,Personal Supplier 1,18,182,17.55,8,62,20.5,164.45,8.878048780487806,OVERSTOCK,Inventory covers at least 8 weeks of recent average demand
2026-01-05,2025-12-29,S002,North Standard 2,North,P030,Hair Oil 200ml,Personal Care,SUP010,Personal Supplier 2,15,105,35.74,15,89,38.0,69.25999999999999,2.763157894736842,NORMAL,Stock exceeds next-week forecast and reorder point; projected stock meets safety stock; supply is below the overstock threshold
2026-01-05,2025-12-29,S003,North Standard 3,North,P001,Fresh Milk 1L,Perishables,SUP001,Perishables Supplier 1,13,53,43.15,18,110,47.0,9.850000000000001,1.127659574468085,LOW_STOCK,Projected stock after next-week demand falls below safety stock; Current stock is at or below reorder point
2026-01-05,2025-12-29,S003,North Standard 3,North,P002,Brown Bread,Perishables,SUP002,Perishables Supplier 2,21,92,23.64,10,78,25.5,68.36,3.607843137254902,NORMAL,Stock exceeds next-week forecast and reorder point; projected stock meets safety stock; supply is below the overstock threshold
2026-01-05,2025-12-29,S003,North Standard 3,North,P004,Fresh Curd 500g,Perishables,SUP002,Perishables Supplier 2,21,284,53.14,23,180,49.5,230.86,5.737373737373737,NORMAL,Stock exceeds next-week forecast and reorder point; projected stock meets safety stock; supply is below the overstock threshold
2026-01-05,2025-12-29,S003,North Standard 3,North,P007,Instant Noodles Pack,Packaged Foods,SUP003,Packaged Supplier 1,10,23,25.56,11,42,25.0,-2.5599999999999987,0.92,STOCKOUT_RISK,Forecast demand meets or exceeds current stock
2026-01-05,2025-12-29,S003,North Standard 3,North,P008,Breakfast Cereal,Packaged Foods,SUP004,Packaged Supplier 2,21,426,35.63,14,115,35.75,390.37,11.916083916083917,OVERSTOCK,Inventory covers at least 8 weeks of recent average demand
2026-01-05,2025-12-29,S003,North Standard 3,North,P009,Biscuits Family Pack,Packaged Foods,SUP003,Packaged Supplier 1,10,27,26.41,11,43,28.25,0.5899999999999999,0.9557522123893806,LOW_STOCK,Projected stock after next-week demand falls below safety stock; Current stock is at or below reorder point
2026-01-05,2025-12-29,S003,North Standard 3,North,P010,Frozen Peas 500g,Packaged Foods,SUP004,Packaged Supplier 2,21,202,27.39,11,91,30.5,174.61,6.622950819672131,NORMAL,Stock exceeds next-week forecast and reorder point; projected stock meets safety stock; supply is below the overstock threshold
2026-01-05,2025-12-29,S003,North Standard 3,North,P012,Ketchup 500g,Packaged Foods,SUP004,Packaged Supplier 2,21,172,17.25,7,57,18.0,154.75,9.555555555555555,OVERSTOCK,Inventory covers at least 8 weeks of recent average demand
2026-01-05,2025-12-29,S003,North Standard 3,North,P015,Mineral Water 1L,Beverages,SUP005,Beverages Supplier 1,19,165,35.88,16,132,35.0,129.12,4.714285714285714,NORMAL,Stock exceeds next-week forecast and reorder point; projected stock meets safety stock; supply is below the overstock threshold
2026-01-05,2025-12-29,S003,North Standard 3,North,P016,Energy Drink Can,Beverages,SUP006,Beverages Supplier 2,15,238,54.44,24,143,51.75,183.56,4.599033816425121,NORMAL,Stock exceeds next-week forecast and reorder point; projected stock meets safety stock; supply is below the overstock threshold
2026-01-05,2025-12-29,S003,North Standard 3,North,P017,Instant Coffee 100g,Beverages,SUP005,Beverages Supplier 1,19,305,58.88,23,181,63.0,246.12,4.841269841269841,NORMAL,Stock exceeds next-week forecast and reorder point; projected stock meets safety stock; supply is below the overstock threshold
2026-01-05,2025-12-29,S003,North Standard 3,North,P019,Dish Soap 500ml,Household Essentials,SUP007,Household Supplier 1,6,67,36.01,15,61,41.0,30.990000000000002,1.6341463414634145,NORMAL,Stock exceeds next-week forecast and reorder point; projected stock meets safety stock; supply is below the overstock threshold
2026-01-05,2025-12-29,S003,North Standard 3,North,P020,Laundry Detergent 1kg,Household Essentials,SUP008,Household Supplier 2,13,95,19.83,8,47,16.25,75.17,5.846153846153846,NORMAL,Stock exceeds next-week forecast and reorder point; projected stock meets safety stock; supply is below the overstock threshold
2026-01-05,2025-12-29,S003,North Standard 3,North,P021,Toilet Paper (6 pack),Household Essentials,SUP007,Household Supplier 1,6,120,54.72,24,94,57.25,65.28,2.096069868995633,NORMAL,Stock exceeds next-week forecast and reorder point; projected stock meets safety stock; supply is below the overstock threshold
2026-01-05,2025-12-29,S003,North Standard 3,North,P022,Trash Bags (30 pack),Household Essentials,SUP008,Household Supplier 2,13,307,56.9,24,146,67.0,250.1,4.582089552238806,NORMAL,Stock exceeds next-week forecast and reorder point; projected stock meets safety stock; supply is below the overstock threshold
2026-01-05,2025-12-29,S003,North Standard 3,North,P025,Toothpaste 100g,Personal Care,SUP009,Personal Supplier 1,18,395,31.14,13,107,31.75,363.86,12.440944881889763,OVERSTOCK,Inventory covers at least 8 weeks of recent average demand
2026-01-05,2025-12-29,S003,North Standard 3,North,P026,Body Wash 250ml,Personal Care,SUP010,Personal Supplier 2,15,63,59.99,25,149,63.5,3.009999999999998,0.9921259842519685,LOW_STOCK,Projected stock after next-week demand falls below safety stock; Current stock is at or below reorder point
2026-01-05,2025-12-29,S003,North Standard 3,North,P028,Shaving Cream,Personal Care,SUP010,Personal Supplier 2,15,481,50.46,22,135,55.5,430.54,8.666666666666666,OVERSTOCK,Inventory covers at least 8 weeks of recent average demand
2026-01-05,2025-12-29,S004,North Express 4,North,P001,Fresh Milk 1L,Perishables,SUP001,Perishables Supplier 1,13,35,20.08,9,54,21.25,14.920000000000002,1.6470588235294117,LOW_STOCK,Current stock is at or below reorder point
2026-01-05,2025-12-29,S004,North Express 4,North,P002,Brown Bread,Perishables,SUP002,Perishables Supplier 2,21,19,9.73,5,38,10.5,9.27,1.8095238095238095,LOW_STOCK,Current stock is at or below reorder point
2026-01-05,2025-12-29,S004,North Express 4,North,P003,Paneer 200g,Perishables,SUP001,Perishables Supplier 1,13,52,17.39,7,44,15.75,34.61,3.3015873015873014,NORMAL,Stock exceeds next-week forecast and reorder point; projected stock meets safety stock; supply is below the overstock threshold
2026-01-05,2025-12-29,S004,North Express 4,North,P004,Fresh Curd 500g,Perishables,SUP002,Perishables Supplier 2,21,127,25.06,11,89,26.5,101.94,4.7924528301886795,NORMAL,Stock exceeds next-week forecast and reorder point; projected stock meets safety stock; supply is below the overstock threshold
2026-01-05,2025-12-29,S004,North Express 4,North,P005,Butter 100g,Perishables,SUP001,Perishables Supplier 1,13,77,23.01,10,62,23.5,53.989999999999995,3.276595744680851,NORMAL,Stock exceeds next-week forecast and reorder point; projected stock meets safety stock; supply is below the overstock threshold
2026-01-05,2025-12-29,S004,North Express 4,North,P007,Instant Noodles Pack,Packaged Foods,SUP003,Packaged Supplier 1,10,47,13.15,5,21,12.25,33.85,3.836734693877551,NORMAL,Stock exceeds next-week forecast and reorder point; projected stock meets safety stock; supply is below the overstock threshold
2026-01-05,2025-12-29,S004,North Express 4,North,P008,Breakfast Cereal,Packaged Foods,SUP004,Packaged Supplier 2,21,243,16.43,7,57,18.25,226.57,13.315068493150685,OVERSTOCK,Inventory covers at least 8 weeks of recent average demand
2026-01-05,2025-12-29,S004,North Express 4,North,P009,Biscuits Family Pack,Packaged Foods,SUP003,Packaged Supplier 1,10,9,13.08,5,21,14.5,-4.08,0.6206896551724138,STOCKOUT_RISK,Forecast demand meets or exceeds current stock
2026-01-05,2025-12-29,S004,North Express 4,North,P011,Pasta 500g,Packaged Foods,SUP003,Packaged Supplier 1,10,48,19.01,9,37,23.25,28.99,2.064516129032258,NORMAL,Stock exceeds next-week forecast and reorder point; projected stock meets safety stock; supply is below the overstock threshold
2026-01-05,2025-12-29,S004,North Express 4,North,P012,Ketchup 500g,Packaged Foods,SUP004,Packaged Supplier 2,21,104,7.75,4,28,9.0,96.25,11.555555555555555,OVERSTOCK,Inventory covers at least 8 weeks of recent average demand
2026-01-05,2025-12-29,S004,North Express 4,North,P013,Cola 2L,Beverages,SUP005,Beverages Supplier 1,19,117,12.53,6,45,14.75,104.47,7.932203389830509,NORMAL,Stock exceeds next-week forecast and reorder point; projected stock meets safety stock; supply is below the overstock threshold
2026-01-05,2025-12-29,S004,North Express 4,North,P015,Mineral Water 1L,Beverages,SUP005,Beverages Supplier 1,19,64,16.31,8,65,20.0,47.69,3.2,LOW_STOCK,Current stock is at or below reorder point
2026-01-05,2025-12-29,S004,North Express 4,North,P016,Energy Drink Can,Beverages,SUP006,Beverages Supplier 2,15,91,27.95,12,71,27.5,63.05,3.309090909090909,NORMAL,Stock exceeds next-week forecast and reorder point; projected stock meets safety stock; supply is below the overstock threshold
2026-01-05,2025-12-29,S004,North Express 4,North,P018,Green Tea Box,Beverages,SUP006,Beverages Supplier 2,15,120,28.24,12,70,29.0,91.76,4.137931034482759,NORMAL,Stock exceeds next-week forecast and reorder point; projected stock meets safety stock; supply is below the overstock threshold
2026-01-05,2025-12-29,S004,North Express 4,North,P019,Dish Soap 500ml,Household Essentials,SUP007,Household Supplier 1,6,39,16.6,7,30,18.25,22.4,2.136986301369863,NORMAL,Stock exceeds next-week forecast and reorder point; projected stock meets safety stock; supply is below the overstock threshold
2026-01-05,2025-12-29,S004,North Express 4,North,P020,Laundry Detergent 1kg,Household Essentials,SUP008,Household Supplier 2,13,36,10.35,4,23,10.5,25.65,3.4285714285714284,NORMAL,Stock exceeds next-week forecast and reorder point; projected stock meets safety stock; supply is below the overstock threshold
2026-01-05,2025-12-29,S004,North Express 4,North,P023,All-Purpose Cleaner,Household Essentials,SUP007,Household Supplier 1,6,26,22.35,9,37,21.75,3.6499999999999986,1.1954022988505748,LOW_STOCK,Projected stock after next-week demand falls below safety stock; Current stock is at or below reorder point
2026-01-05,2025-12-29,S004,North Express 4,North,P024,Paper Towels (2 pack),Household Essentials,SUP008,Household Supplier 2,13,44,14.57,6,38,14.75,29.43,2.983050847457627,NORMAL,Stock exceeds next-week forecast and reorder point; projected stock meets safety stock; supply is below the overstock threshold
2026-01-05,2025-12-29,S004,North Express 4,North,P025,Toothpaste 100g,Personal Care,SUP009,Personal Supplier 1,18,19,15.52,7,53,14.5,3.4800000000000004,1.3103448275862069,LOW_STOCK,Projected stock after next-week demand falls below safety stock; Current stock is at or below reorder point
2026-01-05,2025-12-29,S004,North Express 4,North,P027,Hand Sanitizer 200ml,Personal Care,SUP009,Personal Supplier 1,18,186,20.0,9,72,22.25,166.0,8.359550561797754,OVERSTOCK,Inventory covers at least 8 weeks of recent average demand
2026-01-05,2025-12-29,S004,North Express 4,North,P028,Shaving Cream,Personal Care,SUP010,Personal Supplier 2,15,76,25.15,11,66,28.5,50.85,2.6666666666666665,NORMAL,Stock exceeds next-week forecast and reorder point; projected stock meets safety stock; supply is below the overstock threshold
2026-01-05,2025-12-29,S004,North Express 4,North,P029,Deodorant Spray,Personal Care,SUP009,Personal Supplier 1,18,103,7.69,4,30,8.0,95.31,12.875,OVERSTOCK,Inventory covers at least 8 weeks of recent average demand
2026-01-05,2025-12-29,S004,North Express 4,North,P030,Hair Oil 200ml,Personal Care,SUP010,Personal Supplier 2,15,56,16.22,7,43,17.5,39.78,3.2,NORMAL,Stock exceeds next-week forecast and reorder point; projected stock meets safety stock; supply is below the overstock threshold
2026-01-05,2025-12-29,S005,South Flagship 5,South,P002,Brown Bread,Perishables,SUP002,Perishables Supplier 2,21,180,29.92,14,113,31.0,150.07999999999998,5.806451612903226,NORMAL,Stock exceeds next-week forecast and reorder point; projected stock meets safety stock; supply is below the overstock threshold
2026-01-05,2025-12-29,S005,South Flagship 5,South,P003,Paneer 200g,Perishables,SUP001,Perishables Supplier 1,13,219,54.41,22,130,56.0,164.59,3.9107142857142856,NORMAL,Stock exceeds next-week forecast and reorder point; projected stock meets safety stock; supply is below the overstock threshold
2026-01-05,2025-12-29,S005,South Flagship 5,South,P004,Fresh Curd 500g,Perishables,SUP002,Perishables Supplier 2,21,620,78.15,33,262,76.75,541.85,8.078175895765472,OVERSTOCK,Inventory covers at least 8 weeks of recent average demand
2026-01-05,2025-12-29,S005,South Flagship 5,South,P005,Butter 100g,Perishables,SUP001,Perishables Supplier 1,13,283,72.14,30,182,82.75,210.86,3.419939577039275,NORMAL,Stock exceeds next-week forecast and reorder point; projected stock meets safety stock; supply is below the overstock threshold
2026-01-05,2025-12-29,S005,South Flagship 5,South,P006,Fresh Eggs (12),Perishables,SUP002,Perishables Supplier 2,21,251,44.14,19,154,48.5,206.86,5.175257731958763,NORMAL,Stock exceeds next-week forecast and reorder point; projected stock meets safety stock; supply is below the overstock threshold
2026-01-05,2025-12-29,S005,South Flagship 5,South,P008,Breakfast Cereal,Packaged Foods,SUP004,Packaged Supplier 2,21,516,51.37,21,168,50.25,464.63,10.26865671641791,OVERSTOCK,Inventory covers at least 8 weeks of recent average demand
2026-01-05,2025-12-29,S005,South Flagship 5,South,P009,Biscuits Family Pack,Packaged Foods,SUP003,Packaged Supplier 1,10,72,39.44,16,63,41.0,32.56,1.7560975609756098,NORMAL,Stock exceeds next-week forecast and reorder point; projected stock meets safety stock; supply is below the overstock threshold
2026-01-05,2025-12-29,S005,South Flagship 5,South,P010,Frozen Peas 500g,Packaged Foods,SUP004,Packaged Supplier 2,21,313,39.54,17,133,40.5,273.46,7.728395061728395,NORMAL,Stock exceeds next-week forecast and reorder point; projected stock meets safety stock; supply is below the overstock threshold
2026-01-05,2025-12-29,S005,South Flagship 5,South,P011,Pasta 500g,Packaged Foods,SUP003,Packaged Supplier 1,10,122,63.29,27,109,67.5,58.71,1.8074074074074074,NORMAL,Stock exceeds next-week forecast and reorder point; projected stock meets safety stock; supply is below the overstock threshold
2026-01-05,2025-12-29,S005,South Flagship 5,South,P013,Cola 2L,Beverages,SUP005,Beverages Supplier 1,19,333,40.74,17,134,40.75,292.26,8.171779141104295,OVERSTOCK,Inventory covers at least 8 weeks of recent average demand
2026-01-05,2025-12-29,S005,South Flagship 5,South,P015,Mineral Water 1L,Beverages,SUP005,Beverages Supplier 1,19,217,53.75,24,192,59.75,163.25,3.6317991631799162,NORMAL,Stock exceeds next-week forecast and reorder point; projected stock meets safety stock; supply is below the overstock threshold
2026-01-05,2025-12-29,S005,South Flagship 5,South,P016,Energy Drink Can,Beverages,SUP006,Beverages Supplier 2,15,165,80.2,35,209,86.0,84.8,1.9186046511627908,LOW_STOCK,Current stock is at or below reorder point
2026-01-05,2025-12-29,S005,South Flagship 5,South,P017,Instant Coffee 100g,Beverages,SUP005,Beverages Supplier 1,19,1006,78.07,33,264,78.75,927.9300000000001,12.774603174603175,OVERSTOCK,Inventory covers at least 8 weeks of recent average demand
2026-01-05,2025-12-29,S005,South Flagship 5,South,P018,Green Tea Box,Beverages,SUP006,Beverages Supplier 2,15,450,76.96,34,207,73.5,373.04,6.122448979591836,NORMAL,Stock exceeds next-week forecast and reorder point; projected stock meets safety stock; supply is below the overstock threshold
2026-01-05,2025-12-29,S005,South Flagship 5,South,P020,Laundry Detergent 1kg,Household Essentials,SUP008,Household Supplier 2,13,130,25.64,11,68,24.5,104.36,5.3061224489795915,NORMAL,Stock exceeds next-week forecast and reorder point; projected stock meets safety stock; supply is below the overstock threshold
2026-01-05,2025-12-29,S005,South Flagship 5,South,P021,Toilet Paper (6 pack),Household Essentials,SUP007,Household Supplier 1,6,97,78.71,34,137,83.5,18.290000000000006,1.1616766467065869,LOW_STOCK,Projected stock after next-week demand falls below safety stock; Current stock is at or below reorder point
2026-01-05,2025-12-29,S005,South Flagship 5,South,P024,Paper Towels (2 pack),Household Essentials,SUP008,Household Supplier 2,13,183,45.39,19,112,48.25,137.61,3.7927461139896375,NORMAL,Stock exceeds next-week forecast and reorder point; projected stock meets safety stock; supply is below the overstock threshold
2026-01-05,2025-12-29,S005,South Flagship 5,South,P025,Toothpaste 100g,Personal Care,SUP009,Personal Supplier 1,18,343,44.19,20,156,50.5,298.81,6.792079207920792,NORMAL,Stock exceeds next-week forecast and reorder point; projected stock meets safety stock; supply is below the overstock threshold
2026-01-05,2025-12-29,S005,South Flagship 5,South,P026,Body Wash 250ml,Personal Care,SUP010,Personal Supplier 2,15,192,94.76,36,217,86.5,97.24,2.2196531791907512,LOW_STOCK,Current stock is at or below reorder point
2026-01-05,2025-12-29,S005,South Flagship 5,South,P028,Shaving Cream,Personal Care,SUP010,Personal Supplier 2,15,333,70.0,33,196,70.75,263.0,4.706713780918728,NORMAL,Stock exceeds next-week forecast and reorder point; projected stock meets safety stock; supply is below the overstock threshold
2026-01-05,2025-12-29,S005,South Flagship 5,South,P029,Deodorant Spray,Personal Care,SUP009,Personal Supplier 1,18,281,26.42,11,89,30.25,254.57999999999998,9.289256198347108,OVERSTOCK,Inventory covers at least 8 weeks of recent average demand
2026-01-05,2025-12-29,S005,South Flagship 5,South,P030,Hair Oil 200ml,Personal Care,SUP010,Personal Supplier 2,15,146,51.5,21,127,55.0,94.5,2.6545454545454548,NORMAL,Stock exceeds next-week forecast and reorder point; projected stock meets safety stock; supply is below the overstock threshold
2026-01-05,2025-12-29,S006,South Standard 6,South,P001,Fresh Milk 1L,Perishables,SUP001,Perishables Supplier 1,13,18,45.42,19,112,47.0,-27.42,0.3829787234042553,STOCKOUT_RISK,Forecast demand meets or exceeds current stock
2026-01-05,2025-12-29,S006,South Standard 6,South,P002,Brown Bread,Perishables,SUP002,Perishables Supplier 2,21,147,24.15,10,79,21.25,122.85,6.91764705882353,NORMAL,Stock exceeds next-week forecast and reorder point; projected stock meets safety stock; supply is below the overstock threshold
2026-01-05,2025-12-29,S006,South Standard 6,South,P003,Paneer 200g,Perishables,SUP001,Perishables Supplier 1,13,260,32.59,15,91,32.0,227.41,8.125,OVERSTOCK,Inventory covers at least 8 weeks of recent average demand
2026-01-05,2025-12-29,S006,South Standard 6,South,P004,Fresh Curd 500g,Perishables,SUP002,Perishables Supplier 2,21,162,53.16,23,183,57.5,108.84,2.8173913043478263,LOW_STOCK,Current stock is at or below reorder point
2026-01-05,2025-12-29,S006,South Standard 6,South,P005,Butter 100g,Perishables,SUP001,Perishables Supplier 1,13,253,48.84,21,128,55.0,204.16,4.6,NORMAL,Stock exceeds next-week forecast and reorder point; projected stock meets safety stock; supply is below the overstock threshold
2026-01-05,2025-12-29,S006,South Standard 6,South,P006,Fresh Eggs (12),Perishables,SUP002,Perishables Supplier 2,21,24,32.67,13,108,33.75,-8.670000000000002,0.7111111111111111,STOCKOUT_RISK,Forecast demand meets or exceeds current stock
2026-01-05,2025-12-29,S006,South Standard 6,South,P007,Instant Noodles Pack,Packaged Foods,SUP003,Packaged Supplier 1,10,85,23.45,11,43,25.25,61.55,3.366336633663366,NORMAL,Stock exceeds next-week forecast and reorder point; projected stock meets safety stock; supply is below the overstock threshold
2026-01-05,2025-12-29,S006,South Standard 6,South,P008,Breakfast Cereal,Packaged Foods,SUP004,Packaged Supplier 2,21,447,35.08,15,118,36.5,411.92,12.246575342465754,OVERSTOCK,Inventory covers at least 8 weeks of recent average demand
2026-01-05,2025-12-29,S006,South Standard 6,South,P009,Biscuits Family Pack,Packaged Foods,SUP003,Packaged Supplier 1,10,54,25.37,11,44,29.0,28.63,1.8620689655172413,NORMAL,Stock exceeds next-week forecast and reorder point; projected stock meets safety stock; supply is below the overstock threshold
2026-01-05,2025-12-29,S006,South Standard 6,South,P010,Frozen Peas 500g,Packaged Foods,SUP004,Packaged Supplier 2,21,360,25.46,12,93,24.5,334.54,14.693877551020408,OVERSTOCK,Inventory covers at least 8 weeks of recent average demand
2026-01-05,2025-12-29,S006,South Standard 6,South,P011,Pasta 500g,Packaged Foods,SUP003,Packaged Supplier 1,10,51,45.56,19,76,49.5,5.439999999999998,1.0303030303030303,LOW_STOCK,Projected stock after next-week demand falls below safety stock; Current stock is at or below reorder point
2026-01-05,2025-12-29,S006,South Standard 6,South,P014,Orange Juice 1L,Beverages,SUP006,Beverages Supplier 2,15,50,28.31,13,77,32.25,21.69,1.550387596899225,LOW_STOCK,Current stock is at or below reorder point
2026-01-05,2025-12-29,S006,South Standard 6,South,P015,Mineral Water 1L,Beverages,SUP005,Beverages Supplier 1,19,340,38.56,17,134,39.5,301.44,8.60759493670886,OVERSTOCK,Inventory covers at least 8 weeks of recent average demand
2026-01-05,2025-12-29,S006,South Standard 6,South,P016,Energy Drink Can,Beverages,SUP006,Beverages Supplier 2,15,99,51.79,24,146,56.25,47.21,1.76,LOW_STOCK,Current stock is at or below reorder point
2026-01-05,2025-12-29,S006,South Standard 6,South,P017,Instant Coffee 100g,Beverages,SUP005,Beverages Supplier 1,19,285,54.91,23,185,57.25,230.09,4.978165938864628,NORMAL,Stock exceeds next-week forecast and reorder point; projected stock meets safety stock; supply is below the overstock threshold
2026-01-05,2025-12-29,S006,South Standard 6,South,P019,Dish Soap 500ml,Household Essentials,SUP007,Household Supplier 1,6,83,31.95,16,62,35.0,51.05,2.3714285714285714,NORMAL,Stock exceeds next-week forecast and reorder point; projected stock meets safety stock; supply is below the overstock threshold
2026-01-05,2025-12-29,S006,South Standard 6,South,P021,Toilet Paper (6 pack),Household Essentials,SUP007,Household Supplier 1,6,54,52.36,24,96,58.25,1.6400000000000006,0.927038626609442,LOW_STOCK,Projected stock after next-week demand falls below safety stock; Current stock is at or below reorder point
2026-01-05,2025-12-29,S006,South Standard 6,South,P022,Trash Bags (30 pack),Household Essentials,SUP008,Household Supplier 2,13,163,58.47,25,149,64.0,104.53,2.546875,NORMAL,Stock exceeds next-week forecast and reorder point; projected stock meets safety stock; supply is below the overstock threshold
2026-01-05,2025-12-29,S006,South Standard 6,South,P024,Paper Towels (2 pack),Household Essentials,SUP008,Household Supplier 2,13,182,30.59,13,79,30.5,151.41,5.967213114754099,NORMAL,Stock exceeds next-week forecast and reorder point; projected stock meets safety stock; supply is below the overstock threshold
2026-01-05,2025-12-29,S006,South Standard 6,South,P025,Toothpaste 100g,Personal Care,SUP009,Personal Supplier 1,18,46,32.58,14,109,30.0,13.420000000000002,1.5333333333333334,LOW_STOCK,Projected stock after next-week demand falls below safety stock; Current stock is at or below reorder point
2026-01-05,2025-12-29,S006,South Standard 6,South,P026,Body Wash 250ml,Personal Care,SUP010,Personal Supplier 2,15,168,58.62,25,152,67.75,109.38,2.4797047970479706,NORMAL,Stock exceeds next-week forecast and reorder point; projected stock meets safety stock; supply is below the overstock threshold
2026-01-05,2025-12-29,S006,South Standard 6,South,P027,Hand Sanitizer 200ml,Personal Care,SUP009,Personal Supplier 1,18,246,43.81,19,150,43.75,202.19,5.622857142857143,NORMAL,Stock exceeds next-week forecast and reorder point; projected stock meets safety stock; supply is below the overstock threshold
2026-01-05,2025-12-29,S006,South Standard 6,South,P029,Deodorant Spray,Personal Care,SUP009,Personal Supplier 1,18,140,17.99,8,62,19.25,122.01,7.2727272727272725,NORMAL,Stock exceeds next-week forecast and reorder point; projected stock meets safety stock; supply is below the overstock threshold
2026-01-05,2025-12-29,S006,South Standard 6,South,P030,Hair Oil 200ml,Personal Care,SUP010,Personal Supplier 2,15,109,33.83,15,89,36.25,75.17,3.0068965517241377,NORMAL,Stock exceeds next-week forecast and reorder point; projected stock meets safety stock; supply is below the overstock threshold
2026-01-05,2025-12-29,S007,South Standard 7,South,P001,Fresh Milk 1L,Perishables,SUP001,Perishables Supplier 1,13,175,33.31,16,94,35.75,141.69,4.895104895104895,NORMAL,Stock exceeds next-week forecast and reorder point; projected stock meets safety stock; supply is below the overstock threshold
2026-01-05,2025-12-29,S007,South Standard 7,South,P002,Brown Bread,Perishables,SUP002,Perishables Supplier 2,21,163,18.42,8,66,21.5,144.57999999999998,7.5813953488372094,NORMAL,Stock exceeds next-week forecast and reorder point; projected stock meets safety stock; supply is below the overstock threshold
2026-01-05,2025-12-29,S007,South Standard 7,South,P003,Paneer 200g,Perishables,SUP001,Perishables Supplier 1,13,47,26.44,13,76,30.0,20.56,1.5666666666666667,LOW_STOCK,Current stock is at or below reorder point
2026-01-05,2025-12-29,S007,South Standard 7,South,P005,Butter 100g,Perishables,SUP001,Perishables Supplier 1,13,184,45.17,18,107,47.75,138.82999999999998,3.8534031413612566,NORMAL,Stock exceeds next-week forecast and reorder point; projected stock meets safety stock; supply is below the overstock threshold
2026-01-05,2025-12-29,S007,South Standard 7,South,P008,Breakfast Cereal,Packaged Foods,SUP004,Packaged Supplier 2,21,390,27.91,12,99,26.25,362.09,14.857142857142858,OVERSTOCK,Inventory covers at least 8 weeks of recent average demand
2026-01-05,2025-12-29,S007,South Standard 7,South,P009,Biscuits Family Pack,Packaged Foods,SUP003,Packaged Supplier 1,10,76,19.0,9,37,22.75,57.0,3.340659340659341,NORMAL,Stock exceeds next-week forecast and reorder point; projected stock meets safety stock; supply is below the overstock threshold
2026-01-05,2025-12-29,S007,South Standard 7,South,P010,Frozen Peas 500g,Packaged Foods,SUP004,Packaged Supplier 2,21,319,24.8,10,78,21.5,294.2,14.837209302325581,OVERSTOCK,Inventory covers at least 8 weeks of recent average demand
2026-01-05,2025-12-29,S007,South Standard 7,South,P014,Orange Juice 1L,Beverages,SUP006,Beverages Supplier 2,15,77,24.96,11,65,27.25,52.04,2.8256880733944953,NORMAL,Stock exceeds next-week forecast and reorder point; projected stock meets safety stock; supply is below the overstock threshold
2026-01-05,2025-12-29,S007,South Standard 7,South,P015,Mineral Water 1L,Beverages,SUP005,Beverages Supplier 1,19,81,31.82,14,112,30.5,49.18,2.6557377049180326,LOW_STOCK,Current stock is at or below reorder point
2026-01-05,2025-12-29,S007,South Standard 7,South,P016,Energy Drink Can,Beverages,SUP006,Beverages Supplier 2,15,0,42.83,20,122,46.0,-42.83,0.0,STOCKOUT_RISK,Current stock is zero
2026-01-05,2025-12-29,S007,South Standard 7,South,P018,Green Tea Box,Beverages,SUP006,Beverages Supplier 2,15,307,46.47,20,121,51.5,260.53,5.961165048543689,NORMAL,Stock exceeds next-week forecast and reorder point; projected stock meets safety stock; supply is below the overstock threshold
2026-01-05,2025-12-29,S007,South Standard 7,South,P021,Toilet Paper (6 pack),Household Essentials,SUP007,Household Supplier 1,6,51,41.77,20,81,51.75,9.229999999999997,0.9855072463768116,LOW_STOCK,Projected stock after next-week demand falls below safety stock; Current stock is at or below reorder point
2026-01-05,2025-12-29,S007,South Standard 7,South,P022,Trash Bags (30 pack),Household Essentials,SUP008,Household Supplier 2,13,134,48.0,21,125,49.0,86.0,2.7346938775510203,NORMAL,Stock exceeds next-week forecast and reorder point; projected stock meets safety stock; supply is below the overstock threshold
2026-01-05,2025-12-29,S007,South Standard 7,South,P024,Paper Towels (2 pack),Household Essentials,SUP008,Household Supplier 2,13,167,27.33,11,66,25.75,139.67000000000002,6.485436893203883,NORMAL,Stock exceeds next-week forecast and reorder point; projected stock meets safety stock; supply is below the overstock threshold
2026-01-05,2025-12-29,S007,South Standard 7,South,P028,Shaving Cream,Personal Care,SUP010,Personal Supplier 2,15,259,47.37,19,115,50.25,211.63,5.154228855721393,NORMAL,Stock exceeds next-week forecast and reorder point; projected stock meets safety stock; supply is below the overstock threshold
2026-01-05,2025-12-29,S008,South Express 8,South,P002,Brown Bread,Perishables,SUP002,Perishables Supplier 2,21,69,13.76,5,43,12.25,55.24,5.63265306122449,NORMAL,Stock exceeds next-week forecast and reorder point; projected stock meets safety stock; supply is below the overstock threshold
2026-01-05,2025-12-29,S008,South Express 8,South,P003,Paneer 200g,Perishables,SUP001,Perishables Supplier 1,13,116,19.41,8,50,20.25,96.59,5.728395061728395,NORMAL,Stock exceeds next-week forecast and reorder point; projected stock meets safety stock; supply is below the overstock threshold
2026-01-05,2025-12-29,S008,South Express 8,South,P005,Butter 100g,Perishables,SUP001,Perishables Supplier 1,13,109,28.44,12,69,28.5,80.56,3.824561403508772,NORMAL,Stock exceeds next-week forecast and reorder point; projected stock meets safety stock; supply is below the overstock threshold
2026-01-05,2025-12-29,S008,South Express 8,South,P006,Fresh Eggs (12),Perishables,SUP002,Perishables Supplier 2,21,66,18.35,7,59,19.75,47.65,3.3417721518987342,NORMAL,Stock exceeds next-week forecast and reorder point; projected stock meets safety stock; supply is below the overstock threshold
2026-01-05,2025-12-29,S008,South Express 8,South,P007,Instant Noodles Pack,Packaged Foods,SUP003,Packaged Supplier 1,10,12,11.99,6,23,14.75,0.009999999999999787,0.8135593220338984,LOW_STOCK,Projected stock after next-week demand falls below safety stock; Current stock is at or below reorder point
2026-01-05,2025-12-29,S008,South Express 8,South,P011,Pasta 500g,Packaged Foods,SUP003,Packaged Supplier 1,10,16,20.0,10,41,25.75,-4.0,0.6213592233009708,STOCKOUT_RISK,Forecast demand meets or exceeds current stock
2026-01-05,2025-12-29,S008,South Express 8,South,P012,Ketchup 500g,Packaged Foods,SUP004,Packaged Supplier 2,21,75,8.59,4,32,9.25,66.41,8.108108108108109,OVERSTOCK,Inventory covers at least 8 weeks of recent average demand
2026-01-05,2025-12-29,S008,South Express 8,South,P013,Cola 2L,Beverages,SUP005,Beverages Supplier 1,19,144,14.73,6,51,18.0,129.27,8.0,OVERSTOCK,Inventory covers at least 8 weeks of recent average demand
2026-01-05,2025-12-29,S008,South Express 8,South,P014,Orange Juice 1L,Beverages,SUP006,Beverages Supplier 2,15,7,16.92,7,42,17.75,-9.920000000000002,0.39436619718309857,STOCKOUT_RISK,Forecast demand meets or exceeds current stock
2026-01-05,2025-12-29,S008,South Express 8,South,P016,Energy Drink Can,Beverages,SUP006,Beverages Supplier 2,15,41,28.8,13,80,33.25,12.2,1.2330827067669172,LOW_STOCK,Projected stock after next-week demand falls below safety stock; Current stock is at or below reorder point
2026-01-05,2025-12-29,S008,South Express 8,South,P018,Green Tea Box,Beverages,SUP006,Beverages Supplier 2,15,89,26.99,13,79,28.25,62.010000000000005,3.150442477876106,NORMAL,Stock exceeds next-week forecast and reorder point; projected stock meets safety stock; supply is below the overstock threshold
2026-01-05,2025-12-29,S008,South Express 8,South,P019,Dish Soap 500ml,Household Essentials,SUP007,Household Supplier 1,6,40,19.59,8,34,19.0,20.41,2.1052631578947367,NORMAL,Stock exceeds next-week forecast and reorder point; projected stock meets safety stock; supply is below the overstock threshold
2026-01-05,2025-12-29,S008,South Express 8,South,P020,Laundry Detergent 1kg,Household Essentials,SUP008,Household Supplier 2,13,9,9.48,4,26,10.75,-0.4800000000000004,0.8372093023255814,STOCKOUT_RISK,Forecast demand meets or exceeds current stock
2026-01-05,2025-12-29,S008,South Express 8,South,P021,Toilet Paper (6 pack),Household Essentials,SUP007,Household Supplier 1,6,36,29.15,13,52,32.75,6.850000000000001,1.099236641221374,LOW_STOCK,Projected stock after next-week demand falls below safety stock; Current stock is at or below reorder point
2026-01-05,2025-12-29,S008,South Express 8,South,P023,All-Purpose Cleaner,Household Essentials,SUP007,Household Supplier 1,6,48,21.1,10,42,23.0,26.9,2.0869565217391304,NORMAL,Stock exceeds next-week forecast and reorder point; projected stock meets safety stock; supply is below the overstock threshold
2026-01-05,2025-12-29,S008,South Express 8,South,P024,Paper Towels (2 pack),Household Essentials,SUP008,Household Supplier 2,13,10,15.49,7,43,17.25,-5.49,0.5797101449275363,STOCKOUT_RISK,Forecast demand meets or exceeds current stock
2026-01-05,2025-12-29,S008,South Express 8,South,P025,Toothpaste 100g,Personal Care,SUP009,Personal Supplier 1,18,75,17.6,7,60,19.25,57.4,3.896103896103896,NORMAL,Stock exceeds next-week forecast and reorder point; projected stock meets safety stock; supply is below the overstock threshold
2026-01-05,2025-12-29,S008,South Express 8,South,P026,Body Wash 250ml,Personal Care,SUP010,Personal Supplier 2,15,194,32.55,14,83,32.5,161.45,5.969230769230769,NORMAL,Stock exceeds next-week forecast and reorder point; projected stock meets safety stock; supply is below the overstock threshold
2026-01-05,2025-12-29,S008,South Express 8,South,P027,Hand Sanitizer 200ml,Personal Care,SUP009,Personal Supplier 1,18,346,23.35,10,81,23.25,322.65,14.881720430107526,OVERSTOCK,Inventory covers at least 8 weeks of recent average demand
2026-01-05,2025-12-29,S008,South Express 8,South,P028,Shaving Cream,Personal Care,SUP010,Personal Supplier 2,15,91,26.08,12,75,26.75,64.92,3.4018691588785046,NORMAL,Stock exceeds next-week forecast and reorder point; projected stock meets safety stock; supply is below the overstock threshold
2026-01-05,2025-12-29,S008,South Express 8,South,P030,Hair Oil 200ml,Personal Care,SUP010,Personal Supplier 2,15,0,18.27,8,48,19.75,-18.27,0.0,STOCKOUT_RISK,Current stock is zero
2026-01-05,2025-12-29,S009,East Flagship 9,East,P001,Fresh Milk 1L,Perishables,SUP001,Perishables Supplier 1,13,392,64.25,29,176,67.0,327.75,5.850746268656716,NORMAL,Stock exceeds next-week forecast and reorder point; projected stock meets safety stock; supply is below the overstock threshold
2026-01-05,2025-12-29,S009,East Flagship 9,East,P003,Paneer 200g,Perishables,SUP001,Perishables Supplier 1,13,173,55.05,24,144,57.25,117.95,3.021834061135371,NORMAL,Stock exceeds next-week forecast and reorder point; projected stock meets safety stock; supply is below the overstock threshold
2026-01-05,2025-12-29,S009,East Flagship 9,East,P004,Fresh Curd 500g,Perishables,SUP002,Perishables Supplier 2,21,516,79.34,36,289,80.75,436.65999999999997,6.390092879256966,NORMAL,Stock exceeds next-week forecast and reorder point; projected stock meets safety stock; supply is below the overstock threshold
2026-01-05,2025-12-29,S009,East Flagship 9,East,P005,Butter 100g,Perishables,SUP001,Perishables Supplier 1,13,274,78.18,34,201,86.0,195.82,3.186046511627907,NORMAL,Stock exceeds next-week forecast and reorder point; projected stock meets safety stock; supply is below the overstock threshold
2026-01-05,2025-12-29,S009,East Flagship 9,East,P006,Fresh Eggs (12),Perishables,SUP002,Perishables Supplier 2,21,147,57.25,21,170,54.0,89.75,2.7222222222222223,LOW_STOCK,Current stock is at or below reorder point
2026-01-05,2025-12-29,S009,East Flagship 9,East,P007,Instant Noodles Pack,Packaged Foods,SUP003,Packaged Supplier 1,10,53,38.8,17,68,39.5,14.200000000000003,1.3417721518987342,LOW_STOCK,Projected stock after next-week demand falls below safety stock; Current stock is at or below reorder point
2026-01-05,2025-12-29,S009,East Flagship 9,East,P010,Frozen Peas 500g,Packaged Foods,SUP004,Packaged Supplier 2,21,427,43.15,18,146,40.75,383.85,10.478527607361963,OVERSTOCK,Inventory covers at least 8 weeks of recent average demand
2026-01-05,2025-12-29,S009,East Flagship 9,East,P011,Pasta 500g,Packaged Foods,SUP003,Packaged Supplier 1,10,143,67.4,30,120,71.5,75.6,2.0,NORMAL,Stock exceeds next-week forecast and reorder point; projected stock meets safety stock; supply is below the overstock threshold
2026-01-05,2025-12-29,S009,East Flagship 9,East,P012,Ketchup 500g,Packaged Foods,SUP004,Packaged Supplier 2,21,351,28.91,12,92,29.25,322.09,12.0,OVERSTOCK,Inventory covers at least 8 weeks of recent average demand
2026-01-05,2025-12-29,S009,East Flagship 9,East,P013,Cola 2L,Beverages,SUP005,Beverages Supplier 1,19,416,45.05,18,147,48.0,370.95,8.666666666666666,OVERSTOCK,Inventory covers at least 8 weeks of recent average demand
2026-01-05,2025-12-29,S009,East Flagship 9,East,P014,Orange Juice 1L,Beverages,SUP006,Beverages Supplier 2,15,259,45.73,20,122,44.5,213.27,5.820224719101123,NORMAL,Stock exceeds next-week forecast and reorder point; projected stock meets safety stock; supply is below the overstock threshold
2026-01-05,2025-12-29,S009,East Flagship 9,East,P016,Energy Drink Can,Beverages,SUP006,Beverages Supplier 2,15,344,86.86,38,230,90.75,257.14,3.790633608815427,NORMAL,Stock exceeds next-week forecast and reorder point; projected stock meets safety stock; supply is below the overstock threshold
2026-01-05,2025-12-29,S009,East Flagship 9,East,P017,Instant Coffee 100g,Beverages,SUP005,Beverages Supplier 1,19,1007,90.5,36,291,91.0,916.5,11.065934065934066,OVERSTOCK,Inventory covers at least 8 weeks of recent average demand
2026-01-05,2025-12-29,S009,East Flagship 9,East,P019,Dish Soap 500ml,Household Essentials,SUP007,Household Supplier 1,6,137,50.92,24,98,54.75,86.08,2.502283105022831,NORMAL,Stock exceeds next-week forecast and reorder point; projected stock meets safety stock; supply is below the overstock threshold
2026-01-05,2025-12-29,S009,East Flagship 9,East,P021,Toilet Paper (6 pack),Household Essentials,SUP007,Household Supplier 1,6,114,91.52,38,152,89.75,22.480000000000004,1.2701949860724233,LOW_STOCK,Projected stock after next-week demand falls below safety stock; Current stock is at or below reorder point
2026-01-05,2025-12-29,S009,East Flagship 9,East,P022,Trash Bags (30 pack),Household Essentials,SUP008,Household Supplier 2,13,495,103.5,39,235,99.25,391.5,4.987405541561713,NORMAL,Stock exceeds next-week forecast and reorder point; projected stock meets safety stock; supply is below the overstock threshold
2026-01-05,2025-12-29,S009,East Flagship 9,East,P023,All-Purpose Cleaner,Household Essentials,SUP007,Household Supplier 1,6,289,60.59,30,121,74.25,228.41,3.8922558922558923,NORMAL,Stock exceeds next-week forecast and reorder point; projected stock meets safety stock; supply is below the overstock threshold
2026-01-05,2025-12-29,S009,East Flagship 9,East,P024,Paper Towels (2 pack),Household Essentials,SUP008,Household Supplier 2,13,156,52.21,21,124,48.75,103.78999999999999,3.2,NORMAL,Stock exceeds next-week forecast and reorder point; projected stock meets safety stock; supply is below the overstock threshold
2026-01-05,2025-12-29,S009,East Flagship 9,East,P025,Toothpaste 100g,Personal Care,SUP009,Personal Supplier 1,18,719,51.65,22,172,44.75,667.35,16.067039106145252,OVERSTOCK,Inventory covers at least 8 weeks of recent average demand
2026-01-05,2025-12-29,S009,East Flagship 9,East,P026,Body Wash 250ml,Personal Care,SUP010,Personal Supplier 2,15,0,98.01,40,239,103.25,-98.01,0.0,STOCKOUT_RISK,Current stock is zero
2026-01-05,2025-12-29,S009,East Flagship 9,East,P027,Hand Sanitizer 200ml,Personal Care,SUP009,Personal Supplier 1,18,669,65.51,29,236,62.5,603.49,10.704,OVERSTOCK,Inventory covers at least 8 weeks of recent average demand
2026-01-05,2025-12-29,S009,East Flagship 9,East,P029,Deodorant Spray,Personal Care,SUP009,Personal Supplier 1,18,204,26.06,12,98,26.75,177.94,7.626168224299065,NORMAL,Stock exceeds next-week forecast and reorder point; projected stock meets safety stock; supply is below the overstock threshold
2026-01-05,2025-12-29,S010,East Standard 10,East,P005,Butter 100g,Perishables,SUP001,Perishables Supplier 1,13,219,46.97,20,118,44.5,172.03,4.921348314606742,NORMAL,Stock exceeds next-week forecast and reorder point; projected stock meets safety stock; supply is below the overstock threshold
2026-01-05,2025-12-29,S010,East Standard 10,East,P006,Fresh Eggs (12),Perishables,SUP002,Perishables Supplier 2,21,170,27.84,12,99,27.75,142.16,6.126126126126126,NORMAL,Stock exceeds next-week forecast and reorder point; projected stock meets safety stock; supply is below the overstock threshold
2026-01-05,2025-12-29,S010,East Standard 10,East,P008,Breakfast Cereal,Packaged Foods,SUP004,Packaged Supplier 2,21,289,36.06,14,109,38.25,252.94,7.555555555555555,NORMAL,Stock exceeds next-week forecast and reorder point; projected stock meets safety stock; supply is below the overstock threshold
2026-01-05,2025-12-29,S010,East Standard 10,East,P009,Biscuits Family Pack,Packaged Foods,SUP003,Packaged Supplier 1,10,29,23.32,10,41,24.75,5.68,1.1717171717171717,LOW_STOCK,Projected stock after next-week demand falls below safety stock; Current stock is at or below reorder point
2026-01-05,2025-12-29,S010,East Standard 10,East,P011,Pasta 500g,Packaged Foods,SUP003,Packaged Supplier 1,10,132,39.78,18,70,40.75,92.22,3.2392638036809815,NORMAL,Stock exceeds next-week forecast and reorder point; projected stock meets safety stock; supply is below the overstock threshold
2026-01-05,2025-12-29,S010,East Standard 10,East,P012,Ketchup 500g,Packaged Foods,SUP004,Packaged Supplier 2,21,192,15.18,7,54,17.75,176.82,10.816901408450704,OVERSTOCK,Inventory covers at least 8 weeks of recent average demand
2026-01-05,2025-12-29,S010,East Standard 10,East,P013,Cola 2L,Beverages,SUP005,Beverages Supplier 1,19,73,24.86,11,86,26.0,48.14,2.8076923076923075,LOW_STOCK,Current stock is at or below reorder point
2026-01-05,2025-12-29,S010,East Standard 10,East,P014,Orange Juice 1L,Beverages,SUP006,Beverages Supplier 2,15,87,27.59,12,71,27.25,59.41,3.1926605504587156,NORMAL,Stock exceeds next-week forecast and reorder point; projected stock meets safety stock; supply is below the overstock threshold
2026-01-05,2025-12-29,S010,East Standard 10,East,P017,Instant Coffee 100g,Beverages,SUP005,Beverages Supplier 1,19,165,52.71,21,171,63.5,112.28999999999999,2.5984251968503935,LOW_STOCK,Current stock is at or below reorder point
2026-01-05,2025-12-29,S010,East Standard 10,East,P018,Green Tea Box,Beverages,SUP006,Beverages Supplier 2,15,317,55.18,22,134,52.0,261.82,6.096153846153846,NORMAL,Stock exceeds next-week forecast and reorder point; projected stock meets safety stock; supply is below the overstock threshold
2026-01-05,2025-12-29,S010,East Standard 10,East,P019,Dish Soap 500ml,Household Essentials,SUP007,Household Supplier 1,6,125,34.32,14,57,40.5,90.68,3.0864197530864197,NORMAL,Stock exceeds next-week forecast and reorder point; projected stock meets safety stock; supply is below the overstock threshold
2026-01-05,2025-12-29,S010,East Standard 10,East,P022,Trash Bags (30 pack),Household Essentials,SUP008,Household Supplier 2,13,200,53.78,23,137,57.75,146.22,3.463203463203463,NORMAL,Stock exceeds next-week forecast and reorder point; projected stock meets safety stock; supply is below the overstock threshold
2026-01-05,2025-12-29,S010,East Standard 10,East,P023,All-Purpose Cleaner,Household Essentials,SUP007,Household Supplier 1,6,47,43.37,18,71,42.5,3.6300000000000026,1.1058823529411765,LOW_STOCK,Projected stock after next-week demand falls below safety stock; Current stock is at or below reorder point
2026-01-05,2025-12-29,S010,East Standard 10,East,P024,Paper Towels (2 pack),Household Essentials,SUP008,Household Supplier 2,13,102,26.73,12,73,24.0,75.27,4.25,NORMAL,Stock exceeds next-week forecast and reorder point; projected stock meets safety stock; supply is below the overstock threshold
2026-01-05,2025-12-29,S010,East Standard 10,East,P025,Toothpaste 100g,Personal Care,SUP009,Personal Supplier 1,18,25,29.88,13,101,30.5,-4.879999999999999,0.819672131147541,STOCKOUT_RISK,Forecast demand meets or exceeds current stock
2026-01-05,2025-12-29,S010,East Standard 10,East,P026,Body Wash 250ml,Personal Care,SUP010,Personal Supplier 2,15,191,50.33,23,140,57.25,140.67000000000002,3.336244541484716,NORMAL,Stock exceeds next-week forecast and reorder point; projected stock meets safety stock; supply is below the overstock threshold
2026-01-05,2025-12-29,S010,East Standard 10,East,P027,Hand Sanitizer 200ml,Personal Care,SUP009,Personal Supplier 1,18,503,44.0,17,138,44.5,459.0,11.303370786516854,OVERSTOCK,Inventory covers at least 8 weeks of recent average demand
2026-01-05,2025-12-29,S010,East Standard 10,East,P028,Shaving Cream,Personal Care,SUP010,Personal Supplier 2,15,29,52.96,21,127,52.25,-23.96,0.5550239234449761,STOCKOUT_RISK,Forecast demand meets or exceeds current stock
2026-01-05,2025-12-29,S010,East Standard 10,East,P030,Hair Oil 200ml,Personal Care,SUP010,Personal Supplier 2,15,97,30.72,14,82,33.5,66.28,2.8955223880597014,NORMAL,Stock exceeds next-week forecast and reorder point; projected stock meets safety stock; supply is below the overstock threshold
2026-01-05,2025-12-29,S011,East Standard 11,East,P001,Fresh Milk 1L,Perishables,SUP001,Perishables Supplier 1,13,31,38.92,17,100,35.5,-7.920000000000002,0.8732394366197183,STOCKOUT_RISK,Forecast demand meets or exceeds current stock
2026-01-05,2025-12-29,S011,East Standard 11,East,P003,Paneer 200g,Perishables,SUP001,Perishables Supplier 1,13,99,31.46,14,81,29.0,67.53999999999999,3.413793103448276,NORMAL,Stock exceeds next-week forecast and reorder point; projected stock meets safety stock; supply is below the overstock threshold
2026-01-05,2025-12-29,S011,East Standard 11,East,P004,Fresh Curd 500g,Perishables,SUP002,Perishables Supplier 2,21,110,44.44,20,164,53.5,65.56,2.05607476635514,LOW_STOCK,Current stock is at or below reorder point
2026-01-05,2025-12-29,S011,East Standard 11,East,P007,Instant Noodles Pack,Packaged Foods,SUP003,Packaged Supplier 1,10,92,23.13,10,39,24.5,68.87,3.7551020408163267,NORMAL,Stock exceeds next-week forecast and reorder point; projected stock meets safety stock; supply is below the overstock threshold
2026-01-05,2025-12-29,S011,East Standard 11,East,P008,Breakfast Cereal,Packaged Foods,SUP004,Packaged Supplier 2,21,358,32.49,13,105,33.75,325.51,10.607407407407408,OVERSTOCK,Inventory covers at least 8 weeks of recent average demand
2026-01-05,2025-12-29,S011,East Standard 11,East,P009,Biscuits Family Pack,Packaged Foods,SUP003,Packaged Supplier 1,10,81,21.96,10,40,23.25,59.04,3.4838709677419355,NORMAL,Stock exceeds next-week forecast and reorder point; projected stock meets safety stock; supply is below the overstock threshold
2026-01-05,2025-12-29,S011,East Standard 11,East,P010,Frozen Peas 500g,Packaged Foods,SUP004,Packaged Supplier 2,21,36,24.28,10,83,22.25,11.719999999999999,1.6179775280898876,LOW_STOCK,Current stock is at or below reorder point
2026-01-05,2025-12-29,S011,East Standard 11,East,P012,Ketchup 500g,Packaged Foods,SUP004,Packaged Supplier 2,21,109,14.88,7,52,14.75,94.12,7.389830508474576,NORMAL,Stock exceeds next-week forecast and reorder point; projected stock meets safety stock; supply is below the overstock threshold
2026-01-05,2025-12-29,S011,East Standard 11,East,P013,Cola 2L,Beverages,SUP005,Beverages Supplier 1,19,243,23.87,10,84,26.75,219.13,9.08411214953271,OVERSTOCK,Inventory covers at least 8 weeks of recent average demand
2026-01-05,2025-12-29,S011,East Standard 11,East,P014,Orange Juice 1L,Beverages,SUP006,Beverages Supplier 2,15,97,25.43,11,69,28.75,71.57,3.373913043478261,NORMAL,Stock exceeds next-week forecast and reorder point; projected stock meets safety stock; supply is below the overstock threshold
2026-01-05,2025-12-29,S011,East Standard 11,East,P015,Mineral Water 1L,Beverages,SUP005,Beverages Supplier 1,19,129,39.81,15,120,36.75,89.19,3.510204081632653,NORMAL,Stock exceeds next-week forecast and reorder point; projected stock meets safety stock; supply is below the overstock threshold
2026-01-05,2025-12-29,S011,East Standard 11,East,P016,Energy Drink Can,Beverages,SUP006,Beverages Supplier 2,15,4,42.25,22,130,54.75,-38.25,0.0730593607305936,STOCKOUT_RISK,Forecast demand meets or exceeds current stock
2026-01-05,2025-12-29,S011,East Standard 11,East,P017,Instant Coffee 100g,Beverages,SUP005,Beverages Supplier 1,19,403,48.94,21,165,50.75,354.06,7.940886699507389,NORMAL,Stock exceeds next-week forecast and reorder point; projected stock meets safety stock; supply is below the overstock threshold
2026-01-05,2025-12-29,S011,East Standard 11,East,P018,Green Tea Box,Beverages,SUP006,Beverages Supplier 2,15,83,53.5,22,129,54.0,29.5,1.537037037037037,LOW_STOCK,Current stock is at or below reorder point
2026-01-05,2025-12-29,S011,East Standard 11,East,P019,Dish Soap 500ml,Household Essentials,SUP007,Household Supplier 1,6,9,30.98,14,55,33.0,-21.98,0.2727272727272727,STOCKOUT_RISK,Forecast demand meets or exceeds current stock
2026-01-05,2025-12-29,S011,East Standard 11,East,P020,Laundry Detergent 1kg,Household Essentials,SUP008,Household Supplier 2,13,51,15.32,7,43,18.0,35.68,2.8333333333333335,NORMAL,Stock exceeds next-week forecast and reorder point; projected stock meets safety stock; supply is below the overstock threshold
2026-01-05,2025-12-29,S011,East Standard 11,East,P022,Trash Bags (30 pack),Household Essentials,SUP008,Household Supplier 2,13,256,52.49,22,133,54.25,203.51,4.71889400921659,NORMAL,Stock exceeds next-week forecast and reorder point; projected stock meets safety stock; supply is below the overstock threshold
2026-01-05,2025-12-29,S011,East Standard 11,East,P023,All-Purpose Cleaner,Household Essentials,SUP007,Household Supplier 1,6,49,41.26,17,68,43.0,7.740000000000002,1.1395348837209303,LOW_STOCK,Projected stock after next-week demand falls below safety stock; Current stock is at or below reorder point
2026-01-05,2025-12-29,S011,East Standard 11,East,P024,Paper Towels (2 pack),Household Essentials,SUP008,Household Supplier 2,13,40,25.78,12,70,27.5,14.219999999999999,1.4545454545454546,LOW_STOCK,Current stock is at or below reorder point
2026-01-05,2025-12-29,S011,East Standard 11,East,P026,Body Wash 250ml,Personal Care,SUP010,Personal Supplier 2,15,330,47.49,23,136,54.25,282.51,6.082949308755761,NORMAL,Stock exceeds next-week forecast and reorder point; projected stock meets safety stock; supply is below the overstock threshold
2026-01-05,2025-12-29,S011,East Standard 11,East,P027,Hand Sanitizer 200ml,Personal Care,SUP009,Personal Supplier 1,18,33,41.08,17,134,44.75,-8.079999999999998,0.7374301675977654,STOCKOUT_RISK,Forecast demand meets or exceeds current stock
2026-01-05,2025-12-29,S011,East Standard 11,East,P028,Shaving Cream,Personal Care,SUP010,Personal Supplier 2,15,144,47.22,20,123,48.5,96.78,2.9690721649484537,NORMAL,Stock exceeds next-week forecast and reorder point; projected stock meets safety stock; supply is below the overstock threshold
2026-01-05,2025-12-29,S011,East Standard 11,East,P029,Deodorant Spray,Personal Care,SUP009,Personal Supplier 1,18,189,15.65,7,56,16.0,173.35,11.8125,OVERSTOCK,Inventory covers at least 8 weeks of recent average demand
2026-01-05,2025-12-29,S011,East Standard 11,East,P030,Hair Oil 200ml,Personal Care,SUP010,Personal Supplier 2,15,101,29.17,13,79,31.75,71.83,3.1811023622047245,NORMAL,Stock exceeds next-week forecast and reorder point; projected stock meets safety stock; supply is below the overstock threshold
2026-01-05,2025-12-29,S012,East Express 12,East,P004,Fresh Curd 500g,Perishables,SUP002,Perishables Supplier 2,21,375,28.3,11,90,26.75,346.7,14.018691588785046,OVERSTOCK,Inventory covers at least 8 weeks of recent average demand
2026-01-05,2025-12-29,S012,East Express 12,East,P005,Butter 100g,Perishables,SUP001,Perishables Supplier 1,13,65,22.71,10,62,24.5,42.29,2.6530612244897958,NORMAL,Stock exceeds next-week forecast and reorder point; projected stock meets safety stock; supply is below the overstock threshold
2026-01-05,2025-12-29,S012,East Express 12,East,P006,Fresh Eggs (12),Perishables,SUP002,Perishables Supplier 2,21,12,15.29,7,53,17.0,-3.289999999999999,0.7058823529411765,STOCKOUT_RISK,Forecast demand meets or exceeds current stock
2026-01-05,2025-12-29,S012,East Express 12,East,P007,Instant Noodles Pack,Packaged Foods,SUP003,Packaged Supplier 1,10,25,12.86,5,21,13.25,12.14,1.8867924528301887,NORMAL,Stock exceeds next-week forecast and reorder point; projected stock meets safety stock; supply is below the overstock threshold
2026-01-05,2025-12-29,S012,East Express 12,East,P009,Biscuits Family Pack,Packaged Foods,SUP003,Packaged Supplier 1,10,15,12.55,5,22,12.75,2.4499999999999993,1.1764705882352942,LOW_STOCK,Projected stock after next-week demand falls below safety stock; Current stock is at or below reorder point
2026-01-05,2025-12-29,S012,East Express 12,East,P010,Frozen Peas 500g,Packaged Foods,SUP004,Packaged Supplier 2,21,56,12.76,6,45,12.5,43.24,4.48,NORMAL,Stock exceeds next-week forecast and reorder point; projected stock meets safety stock; supply is below the overstock threshold
2026-01-05,2025-12-29,S012,East Express 12,East,P011,Pasta 500g,Packaged Foods,SUP003,Packaged Supplier 1,10,21,20.28,9,37,23.75,0.7199999999999989,0.8842105263157894,LOW_STOCK,Projected stock after next-week demand falls below safety stock; Current stock is at or below reorder point
2026-01-05,2025-12-29,S012,East Express 12,East,P014,Orange Juice 1L,Beverages,SUP006,Beverages Supplier 2,15,67,14.71,6,38,13.5,52.29,4.962962962962963,NORMAL,Stock exceeds next-week forecast and reorder point; projected stock meets safety stock; supply is below the overstock threshold
2026-01-05,2025-12-29,S012,East Express 12,East,P015,Mineral Water 1L,Beverages,SUP005,Beverages Supplier 1,19,130,20.13,8,66,22.0,109.87,5.909090909090909,NORMAL,Stock exceeds next-week forecast and reorder point; projected stock meets safety stock; supply is below the overstock threshold
2026-01-05,2025-12-29,S012,East Express 12,East,P017,Instant Coffee 100g,Beverages,SUP005,Beverages Supplier 1,19,526,24.7,11,90,23.75,501.3,22.147368421052633,OVERSTOCK,Inventory covers at least 8 weeks of recent average demand
2026-01-05,2025-12-29,S012,East Express 12,East,P018,Green Tea Box,Beverages,SUP006,Beverages Supplier 2,15,98,26.68,12,71,28.0,71.32,3.5,NORMAL,Stock exceeds next-week forecast and reorder point; projected stock meets safety stock; supply is below the overstock threshold
2026-01-05,2025-12-29,S012,East Express 12,East,P020,Laundry Detergent 1kg,Household Essentials,SUP008,Household Supplier 2,13,35,8.42,4,23,9.5,26.58,3.6842105263157894,NORMAL,Stock exceeds next-week forecast and reorder point; projected stock meets safety stock; supply is below the overstock threshold
2026-01-05,2025-12-29,S012,East Express 12,East,P021,Toilet Paper (6 pack),Household Essentials,SUP007,Household Supplier 1,6,61,26.45,12,47,27.5,34.55,2.2181818181818183,NORMAL,Stock exceeds next-week forecast and reorder point; projected stock meets safety stock; supply is below the overstock threshold
2026-01-05,2025-12-29,S012,East Express 12,East,P022,Trash Bags (30 pack),Household Essentials,SUP008,Household Supplier 2,13,130,28.78,12,73,30.25,101.22,4.297520661157025,NORMAL,Stock exceeds next-week forecast and reorder point; projected stock meets safety stock; supply is below the overstock threshold
2026-01-05,2025-12-29,S012,East Express 12,East,P023,All-Purpose Cleaner,Household Essentials,SUP007,Household Supplier 1,6,25,21.41,9,37,22.0,3.59,1.1363636363636365,LOW_STOCK,Projected stock after next-week demand falls below safety stock; Current stock is at or below reorder point
2026-01-05,2025-12-29,S012,East Express 12,East,P025,Toothpaste 100g,Personal Care,SUP009,Personal Supplier 1,18,69,15.53,7,53,17.25,53.47,4.0,NORMAL,Stock exceeds next-week forecast and reorder point; projected stock meets safety stock; supply is below the overstock threshold
2026-01-05,2025-12-29,S012,East Express 12,East,P026,Body Wash 250ml,Personal Care,SUP010,Personal Supplier 2,15,141,27.57,12,74,28.75,113.43,4.904347826086957,NORMAL,Stock exceeds next-week forecast and reorder point; projected stock meets safety stock; supply is below the overstock threshold
2026-01-05,2025-12-29,S012,East Express 12,East,P028,Shaving Cream,Personal Care,SUP010,Personal Supplier 2,15,84,26.66,11,67,26.75,57.34,3.1401869158878504,NORMAL,Stock exceeds next-week forecast and reorder point; projected stock meets safety stock; supply is below the overstock threshold
2026-01-05,2025-12-29,S012,East Express 12,East,P029,Deodorant Spray,Personal Care,SUP009,Personal Supplier 1,18,83,10.79,4,30,10.25,72.21000000000001,8.097560975609756,OVERSTOCK,Inventory covers at least 8 weeks of recent average demand
2026-01-05,2025-12-29,S012,East Express 12,East,P030,Hair Oil 200ml,Personal Care,SUP010,Personal Supplier 2,15,107,17.4,7,43,19.0,89.6,5.631578947368421,NORMAL,Stock exceeds next-week forecast and reorder point; projected stock meets safety stock; supply is below the overstock threshold
2026-01-05,2025-12-29,S013,West Flagship 13,West,P001,Fresh Milk 1L,Perishables,SUP001,Perishables Supplier 1,13,254,64.9,26,158,62.25,189.1,4.080321285140562,NORMAL,Stock exceeds next-week forecast and reorder point; projected stock meets safety stock; supply is below the overstock threshold
2026-01-05,2025-12-29,S013,West Flagship 13,West,P002,Brown Bread,Perishables,SUP002,Perishables Supplier 2,21,184,33.26,14,112,35.25,150.74,5.219858156028369,NORMAL,Stock exceeds next-week forecast and reorder point; projected stock meets safety stock; supply is below the overstock threshold
2026-01-05,2025-12-29,S013,West Flagship 13,West,P003,Paneer 200g,Perishables,SUP001,Perishables Supplier 1,13,135,50.45,22,129,55.0,84.55,2.4545454545454546,NORMAL,Stock exceeds next-week forecast and reorder point; projected stock meets safety stock; supply is below the overstock threshold
2026-01-05,2025-12-29,S013,West Flagship 13,West,P004,Fresh Curd 500g,Perishables,SUP002,Perishables Supplier 2,21,18,78.04,32,260,80.75,-60.040000000000006,0.22291021671826625,STOCKOUT_RISK,Forecast demand meets or exceeds current stock
2026-01-05,2025-12-29,S013,West Flagship 13,West,P005,Butter 100g,Perishables,SUP001,Perishables Supplier 1,13,157,67.5,30,181,80.75,89.5,1.9442724458204335,LOW_STOCK,Current stock is at or below reorder point
2026-01-05,2025-12-29,S013,West Flagship 13,West,P006,Fresh Eggs (12),Perishables,SUP002,Perishables Supplier 2,21,246,43.88,19,152,43.75,202.12,5.622857142857143,NORMAL,Stock exceeds next-week forecast and reorder point; projected stock meets safety stock; supply is below the overstock threshold
2026-01-05,2025-12-29,S013,West Flagship 13,West,P011,Pasta 500g,Packaged Foods,SUP003,Packaged Supplier 1,10,146,65.5,27,108,65.5,80.5,2.2290076335877864,NORMAL,Stock exceeds next-week forecast and reorder point; projected stock meets safety stock; supply is below the overstock threshold
2026-01-05,2025-12-29,S013,West Flagship 13,West,P012,Ketchup 500g,Packaged Foods,SUP004,Packaged Supplier 2,21,302,23.53,10,83,24.0,278.47,12.583333333333334,OVERSTOCK,Inventory covers at least 8 weeks of recent average demand
2026-01-05,2025-12-29,S013,West Flagship 13,West,P013,Cola 2L,Beverages,SUP005,Beverages Supplier 1,19,0,41.65,17,132,39.25,-41.65,0.0,STOCKOUT_RISK,Current stock is zero
2026-01-05,2025-12-29,S013,West Flagship 13,West,P014,Orange Juice 1L,Beverages,SUP006,Beverages Supplier 2,15,213,44.62,18,109,46.5,168.38,4.580645161290323,NORMAL,Stock exceeds next-week forecast and reorder point; projected stock meets safety stock; supply is below the overstock threshold
2026-01-05,2025-12-29,S013,West Flagship 13,West,P016,Energy Drink Can,Beverages,SUP006,Beverages Supplier 2,15,254,74.88,34,207,86.0,179.12,2.953488372093023,NORMAL,Stock exceeds next-week forecast and reorder point; projected stock meets safety stock; supply is below the overstock threshold
2026-01-05,2025-12-29,S013,West Flagship 13,West,P017,Instant Coffee 100g,Beverages,SUP005,Beverages Supplier 1,19,150,77.21,33,262,81.75,72.79,1.834862385321101,LOW_STOCK,Current stock is at or below reorder point
2026-01-05,2025-12-29,S013,West Flagship 13,West,P018,Green Tea Box,Beverages,SUP006,Beverages Supplier 2,15,60,77.24,34,205,83.0,-17.239999999999995,0.7228915662650602,STOCKOUT_RISK,Forecast demand meets or exceeds current stock
2026-01-05,2025-12-29,S013,West Flagship 13,West,P019,Dish Soap 500ml,Household Essentials,SUP007,Household Supplier 1,6,60,51.61,22,88,52.75,8.39,1.1374407582938388,LOW_STOCK,Projected stock after next-week demand falls below safety stock; Current stock is at or below reorder point
2026-01-05,2025-12-29,S013,West Flagship 13,West,P021,Toilet Paper (6 pack),Household Essentials,SUP007,Household Supplier 1,6,174,79.83,34,136,82.75,94.17,2.102719033232628,NORMAL,Stock exceeds next-week forecast and reorder point; projected stock meets safety stock; supply is below the overstock threshold
2026-01-05,2025-12-29,S013,West Flagship 13,West,P023,All-Purpose Cleaner,Household Essentials,SUP007,Household Supplier 1,6,143,63.84,27,108,60.25,79.16,2.3734439834024896,NORMAL,Stock exceeds next-week forecast and reorder point; projected stock meets safety stock; supply is below the overstock threshold
2026-01-05,2025-12-29,S013,West Flagship 13,West,P024,Paper Towels (2 pack),Household Essentials,SUP008,Household Supplier 2,13,264,43.21,19,111,41.0,220.79,6.439024390243903,NORMAL,Stock exceeds next-week forecast and reorder point; projected stock meets safety stock; supply is below the overstock threshold
2026-01-05,2025-12-29,S013,West Flagship 13,West,P027,Hand Sanitizer 200ml,Personal Care,SUP009,Personal Supplier 1,18,636,66.38,26,212,73.0,569.62,8.712328767123287,OVERSTOCK,Inventory covers at least 8 weeks of recent average demand
2026-01-05,2025-12-29,S013,West Flagship 13,West,P028,Shaving Cream,Personal Care,SUP010,Personal Supplier 2,15,41,71.03,32,195,73.75,-30.03,0.5559322033898305,STOCKOUT_RISK,Forecast demand meets or exceeds current stock
2026-01-05,2025-12-29,S013,West Flagship 13,West,P029,Deodorant Spray,Personal Care,SUP009,Personal Supplier 1,18,304,22.94,11,88,26.0,281.06,11.692307692307692,OVERSTOCK,Inventory covers at least 8 weeks of recent average demand
2026-01-05,2025-12-29,S014,West Standard 14,West,P002,Brown Bread,Perishables,SUP002,Perishables Supplier 2,21,50,18.7,9,73,23.0,31.3,2.1739130434782608,LOW_STOCK,Current stock is at or below reorder point
2026-01-05,2025-12-29,S014,West Standard 14,West,P005,Butter 100g,Perishables,SUP001,Perishables Supplier 1,13,251,43.1,20,117,47.0,207.9,5.340425531914893,NORMAL,Stock exceeds next-week forecast and reorder point; projected stock meets safety stock; supply is below the overstock threshold
2026-01-05,2025-12-29,S014,West Standard 14,West,P006,Fresh Eggs (12),Perishables,SUP002,Perishables Supplier 2,21,126,27.88,12,99,30.0,98.12,4.2,NORMAL,Stock exceeds next-week forecast and reorder point; projected stock meets safety stock; supply is below the overstock threshold
2026-01-05,2025-12-29,S014,West Standard 14,West,P007,Instant Noodles Pack,Packaged Foods,SUP003,Packaged Supplier 1,10,120,24.69,10,40,23.5,95.31,5.1063829787234045,NORMAL,Stock exceeds next-week forecast and reorder point; projected stock meets safety stock; supply is below the overstock threshold
2026-01-05,2025-12-29,S014,West Standard 14,West,P010,Frozen Peas 500g,Packaged Foods,SUP004,Packaged Supplier 2,21,219,21.1,11,85,25.0,197.9,8.76,OVERSTOCK,Inventory covers at least 8 weeks of recent average demand
2026-01-05,2025-12-29,S014,West Standard 14,West,P012,Ketchup 500g,Packaged Foods,SUP004,Packaged Supplier 2,21,109,15.65,7,54,16.5,93.35,6.606060606060606,NORMAL,Stock exceeds next-week forecast and reorder point; projected stock meets safety stock; supply is below the overstock threshold
2026-01-05,2025-12-29,S014,West Standard 14,West,P013,Cola 2L,Beverages,SUP005,Beverages Supplier 1,19,360,24.8,11,86,24.0,335.2,15.0,OVERSTOCK,Inventory covers at least 8 weeks of recent average demand
2026-01-05,2025-12-29,S014,West Standard 14,West,P014,Orange Juice 1L,Beverages,SUP006,Beverages Supplier 2,15,80,28.08,12,71,28.25,51.92,2.831858407079646,NORMAL,Stock exceeds next-week forecast and reorder point; projected stock meets safety stock; supply is below the overstock threshold
2026-01-05,2025-12-29,S014,West Standard 14,West,P015,Mineral Water 1L,Beverages,SUP005,Beverages Supplier 1,19,57,33.98,15,123,35.75,23.020000000000003,1.5944055944055944,LOW_STOCK,Current stock is at or below reorder point
2026-01-05,2025-12-29,S014,West Standard 14,West,P020,Laundry Detergent 1kg,Household Essentials,SUP008,Household Supplier 2,13,52,15.99,7,44,17.0,36.01,3.0588235294117645,NORMAL,Stock exceeds next-week forecast and reorder point; projected stock meets safety stock; supply is below the overstock threshold
2026-01-05,2025-12-29,S014,West Standard 14,West,P021,Toilet Paper (6 pack),Household Essentials,SUP007,Household Supplier 1,6,6,51.91,22,89,53.25,-45.91,0.11267605633802817,STOCKOUT_RISK,Forecast demand meets or exceeds current stock
2026-01-05,2025-12-29,S014,West Standard 14,West,P022,Trash Bags (30 pack),Household Essentials,SUP008,Household Supplier 2,13,316,55.68,23,137,58.0,260.32,5.448275862068965,NORMAL,Stock exceeds next-week forecast and reorder point; projected stock meets safety stock; supply is below the overstock threshold
2026-01-05,2025-12-29,S014,West Standard 14,West,P023,All-Purpose Cleaner,Household Essentials,SUP007,Household Supplier 1,6,86,45.07,18,71,44.0,40.93,1.9545454545454546,NORMAL,Stock exceeds next-week forecast and reorder point; projected stock meets safety stock; supply is below the overstock threshold
2026-01-05,2025-12-29,S014,West Standard 14,West,P025,Toothpaste 100g,Personal Care,SUP009,Personal Supplier 1,18,347,26.83,13,101,27.0,320.17,12.851851851851851,OVERSTOCK,Inventory covers at least 8 weeks of recent average demand
2026-01-05,2025-12-29,S014,West Standard 14,West,P026,Body Wash 250ml,Personal Care,SUP010,Personal Supplier 2,15,147,55.05,23,140,60.75,91.95,2.419753086419753,NORMAL,Stock exceeds next-week forecast and reorder point; projected stock meets safety stock; supply is below the overstock threshold
2026-01-05,2025-12-29,S014,West Standard 14,West,P027,Hand Sanitizer 200ml,Personal Care,SUP009,Personal Supplier 1,18,35,40.44,17,138,39.5,-5.439999999999998,0.8860759493670886,STOCKOUT_RISK,Forecast demand meets or exceeds current stock
2026-01-05,2025-12-29,S014,West Standard 14,West,P029,Deodorant Spray,Personal Care,SUP009,Personal Supplier 1,18,129,16.47,7,57,17.25,112.53,7.478260869565218,NORMAL,Stock exceeds next-week forecast and reorder point; projected stock meets safety stock; supply is below the overstock threshold
2026-01-05,2025-12-29,S014,West Standard 14,West,P030,Hair Oil 200ml,Personal Care,SUP010,Personal Supplier 2,15,219,33.14,14,82,33.0,185.86,6.636363636363637,NORMAL,Stock exceeds next-week forecast and reorder point; projected stock meets safety stock; supply is below the overstock threshold
2026-01-05,2025-12-29,S015,West Standard 15,West,P001,Fresh Milk 1L,Perishables,SUP001,Perishables Supplier 1,13,180,39.34,17,104,41.25,140.66,4.363636363636363,NORMAL,Stock exceeds next-week forecast and reorder point; projected stock meets safety stock; supply is below the overstock threshold
2026-01-05,2025-12-29,S015,West Standard 15,West,P003,Paneer 200g,Perishables,SUP001,Perishables Supplier 1,13,95,33.07,14,85,34.0,61.93,2.7941176470588234,NORMAL,Stock exceeds next-week forecast and reorder point; projected stock meets safety stock; supply is below the overstock threshold
2026-01-05,2025-12-29,S015,West Standard 15,West,P004,Fresh Curd 500g,Perishables,SUP002,Perishables Supplier 2,21,96,50.76,21,171,47.0,45.24,2.0425531914893615,LOW_STOCK,Current stock is at or below reorder point
2026-01-05,2025-12-29,S015,West Standard 15,West,P007,Instant Noodles Pack,Packaged Foods,SUP003,Packaged Supplier 1,10,23,22.19,10,40,24.25,0.8099999999999987,0.9484536082474226,LOW_STOCK,Projected stock after next-week demand falls below safety stock; Current stock is at or below reorder point
2026-01-05,2025-12-29,S015,West Standard 15,West,P008,Breakfast Cereal,Packaged Foods,SUP004,Packaged Supplier 2,21,137,28.26,14,109,32.75,108.74,4.183206106870229,NORMAL,Stock exceeds next-week forecast and reorder point; projected stock meets safety stock; supply is below the overstock threshold
2026-01-05,2025-12-29,S015,West Standard 15,West,P009,Biscuits Family Pack,Packaged Foods,SUP003,Packaged Supplier 1,10,130,23.52,10,41,24.75,106.48,5.252525252525253,NORMAL,Stock exceeds next-week forecast and reorder point; projected stock meets safety stock; supply is below the overstock threshold
2026-01-05,2025-12-29,S015,West Standard 15,West,P010,Frozen Peas 500g,Packaged Foods,SUP004,Packaged Supplier 2,21,101,25.48,11,86,25.75,75.52,3.9223300970873787,NORMAL,Stock exceeds next-week forecast and reorder point; projected stock meets safety stock; supply is below the overstock threshold
2026-01-05,2025-12-29,S015,West Standard 15,West,P012,Ketchup 500g,Packaged Foods,SUP004,Packaged Supplier 2,21,185,16.92,7,54,19.75,168.07999999999998,9.367088607594937,OVERSTOCK,Inventory covers at least 8 weeks of recent average demand
2026-01-05,2025-12-29,S015,West Standard 15,West,P013,Cola 2L,Beverages,SUP005,Beverages Supplier 1,19,121,25.29,11,87,28.5,95.71000000000001,4.245614035087719,NORMAL,Stock exceeds next-week forecast and reorder point; projected stock meets safety stock; supply is below the overstock threshold
2026-01-05,2025-12-29,S015,West Standard 15,West,P014,Orange Juice 1L,Beverages,SUP006,Beverages Supplier 2,15,48,27.72,12,72,28.75,20.28,1.6695652173913043,LOW_STOCK,Current stock is at or below reorder point
2026-01-05,2025-12-29,S015,West Standard 15,West,P017,Instant Coffee 100g,Beverages,SUP005,Beverages Supplier 1,19,412,55.38,22,172,48.0,356.62,8.583333333333334,OVERSTOCK,Inventory covers at least 8 weeks of recent average demand
2026-01-05,2025-12-29,S015,West Standard 15,West,P018,Green Tea Box,Beverages,SUP006,Beverages Supplier 2,15,173,52.73,22,135,51.75,120.27000000000001,3.342995169082126,NORMAL,Stock exceeds next-week forecast and reorder point; projected stock meets safety stock; supply is below the overstock threshold
2026-01-05,2025-12-29,S015,West Standard 15,West,P019,Dish Soap 500ml,Household Essentials,SUP007,Household Supplier 1,6,40,32.47,14,58,32.75,7.530000000000001,1.2213740458015268,LOW_STOCK,Projected stock after next-week demand falls below safety stock; Current stock is at or below reorder point
2026-01-05,2025-12-29,S015,West Standard 15,West,P020,Laundry Detergent 1kg,Household Essentials,SUP008,Household Supplier 2,13,81,16.88,7,44,16.75,64.12,4.835820895522388,NORMAL,Stock exceeds next-week forecast and reorder point; projected stock meets safety stock; supply is below the overstock threshold
2026-01-05,2025-12-29,S015,West Standard 15,West,P021,Toilet Paper (6 pack),Household Essentials,SUP007,Household Supplier 1,6,107,54.81,22,90,53.5,52.19,2.0,NORMAL,Stock exceeds next-week forecast and reorder point; projected stock meets safety stock; supply is below the overstock threshold
2026-01-05,2025-12-29,S015,West Standard 15,West,P022,Trash Bags (30 pack),Household Essentials,SUP008,Household Supplier 2,13,267,58.9,23,138,48.5,208.1,5.505154639175258,NORMAL,Stock exceeds next-week forecast and reorder point; projected stock meets safety stock; supply is below the overstock threshold
2026-01-05,2025-12-29,S015,West Standard 15,West,P024,Paper Towels (2 pack),Household Essentials,SUP008,Household Supplier 2,13,86,26.67,12,73,31.75,59.33,2.7086614173228347,NORMAL,Stock exceeds next-week forecast and reorder point; projected stock meets safety stock; supply is below the overstock threshold
2026-01-05,2025-12-29,S015,West Standard 15,West,P025,Toothpaste 100g,Personal Care,SUP009,Personal Supplier 1,18,283,29.51,13,102,30.25,253.49,9.355371900826446,OVERSTOCK,Inventory covers at least 8 weeks of recent average demand
2026-01-05,2025-12-29,S015,West Standard 15,West,P027,Hand Sanitizer 200ml,Personal Care,SUP009,Personal Supplier 1,18,631,43.5,17,139,43.25,587.5,14.589595375722544,OVERSTOCK,Inventory covers at least 8 weeks of recent average demand
2026-01-05,2025-12-29,S015,West Standard 15,West,P028,Shaving Cream,Personal Care,SUP010,Personal Supplier 2,15,82,51.27,21,128,51.25,30.729999999999997,1.6,LOW_STOCK,Current stock is at or below reorder point
2026-01-05,2025-12-29,S015,West Standard 15,West,P029,Deodorant Spray,Personal Care,SUP009,Personal Supplier 1,18,152,16.53,7,58,17.75,135.47,8.56338028169014,OVERSTOCK,Inventory covers at least 8 weeks of recent average demand
2026-01-05,2025-12-29,S015,West Standard 15,West,P030,Hair Oil 200ml,Personal Care,SUP010,Personal Supplier 2,15,117,36.28,14,83,34.25,80.72,3.4160583941605838,NORMAL,Stock exceeds next-week forecast and reorder point; projected stock meets safety stock; supply is below the overstock threshold
2026-01-05,2025-12-29,S016,West Express 16,West,P001,Fresh Milk 1L,Perishables,SUP001,Perishables Supplier 1,13,124,22.69,10,58,25.0,101.31,4.96,NORMAL,Stock exceeds next-week forecast and reorder point; projected stock meets safety stock; supply is below the overstock threshold
2026-01-05,2025-12-29,S016,West Express 16,West,P002,Brown Bread,Perishables,SUP002,Perishables Supplier 2,21,64,12.55,5,41,13.5,51.45,4.7407407407407405,NORMAL,Stock exceeds next-week forecast and reorder point; projected stock meets safety stock; supply is below the overstock threshold
2026-01-05,2025-12-29,S016,West Express 16,West,P003,Paneer 200g,Perishables,SUP001,Perishables Supplier 1,13,31,16.66,8,47,18.0,14.34,1.7222222222222223,LOW_STOCK,Current stock is at or below reorder point
2026-01-05,2025-12-29,S016,West Express 16,West,P004,Fresh Curd 500g,Perishables,SUP002,Perishables Supplier 2,21,325,22.62,12,95,27.25,302.38,11.926605504587156,OVERSTOCK,Inventory covers at least 8 weeks of recent average demand
2026-01-05,2025-12-29,S016,West Express 16,West,P006,Fresh Eggs (12),Perishables,SUP002,Perishables Supplier 2,21,82,15.98,7,56,16.5,66.02,4.96969696969697,NORMAL,Stock exceeds next-week forecast and reorder point; projected stock meets safety stock; supply is below the overstock threshold
2026-01-05,2025-12-29,S016,West Express 16,West,P007,Instant Noodles Pack,Packaged Foods,SUP003,Packaged Supplier 1,10,9,13.74,6,22,14.5,-4.74,0.6206896551724138,STOCKOUT_RISK,Forecast demand meets or exceeds current stock
2026-01-05,2025-12-29,S016,West Express 16,West,P008,Breakfast Cereal,Packaged Foods,SUP004,Packaged Supplier 2,21,189,17.06,8,61,19.25,171.94,9.818181818181818,OVERSTOCK,Inventory covers at least 8 weeks of recent average demand
2026-01-05,2025-12-29,S016,West Express 16,West,P009,Biscuits Family Pack,Packaged Foods,SUP003,Packaged Supplier 1,10,21,12.5,6,23,12.75,8.5,1.6470588235294117,LOW_STOCK,Current stock is at or below reorder point
2026-01-05,2025-12-29,S016,West Express 16,West,P010,Frozen Peas 500g,Packaged Foods,SUP004,Packaged Supplier 2,21,45,15.33,6,48,13.5,29.67,3.3333333333333335,LOW_STOCK,Current stock is at or below reorder point
2026-01-05,2025-12-29,S016,West Express 16,West,P011,Pasta 500g,Packaged Foods,SUP003,Packaged Supplier 1,10,51,23.52,10,39,23.5,27.48,2.1702127659574466,NORMAL,Stock exceeds next-week forecast and reorder point; projected stock meets safety stock; supply is below the overstock threshold
2026-01-05,2025-12-29,S016,West Express 16,West,P015,Mineral Water 1L,Beverages,SUP005,Beverages Supplier 1,19,131,19.83,9,69,21.0,111.17,6.238095238095238,NORMAL,Stock exceeds next-week forecast and reorder point; projected stock meets safety stock; supply is below the overstock threshold
2026-01-05,2025-12-29,S016,West Express 16,West,P017,Instant Coffee 100g,Beverages,SUP005,Beverages Supplier 1,19,167,27.14,12,96,30.5,139.86,5.475409836065574,NORMAL,Stock exceeds next-week forecast and reorder point; projected stock meets safety stock; supply is below the overstock threshold
2026-01-05,2025-12-29,S016,West Express 16,West,P018,Green Tea Box,Beverages,SUP006,Beverages Supplier 2,15,140,28.66,12,75,30.75,111.34,4.5528455284552845,NORMAL,Stock exceeds next-week forecast and reorder point; projected stock meets safety stock; supply is below the overstock threshold
2026-01-05,2025-12-29,S016,West Express 16,West,P020,Laundry Detergent 1kg,Household Essentials,SUP008,Household Supplier 2,13,64,9.28,4,25,9.75,54.72,6.564102564102564,NORMAL,Stock exceeds next-week forecast and reorder point; projected stock meets safety stock; supply is below the overstock threshold
2026-01-05,2025-12-29,S016,West Express 16,West,P023,All-Purpose Cleaner,Household Essentials,SUP007,Household Supplier 1,6,22,22.23,10,40,25.5,-0.23000000000000043,0.8627450980392157,STOCKOUT_RISK,Forecast demand meets or exceeds current stock
2026-01-05,2025-12-29,S016,West Express 16,West,P024,Paper Towels (2 pack),Household Essentials,SUP008,Household Supplier 2,13,88,15.7,7,41,17.25,72.3,5.101449275362318,NORMAL,Stock exceeds next-week forecast and reorder point; projected stock meets safety stock; supply is below the overstock threshold
2026-01-05,2025-12-29,S016,West Express 16,West,P026,Body Wash 250ml,Personal Care,SUP010,Personal Supplier 2,15,136,29.07,13,79,30.5,106.93,4.459016393442623,NORMAL,Stock exceeds next-week forecast and reorder point; projected stock meets safety stock; supply is below the overstock threshold
2026-01-05,2025-12-29,S016,West Express 16,West,P030,Hair Oil 200ml,Personal Care,SUP010,Personal Supplier 2,15,80,18.39,8,46,18.5,61.61,4.324324324324325,NORMAL,Stock exceeds next-week forecast and reorder point; projected stock meets safety stock; supply is below the overstock threshold
